rid,cid,ab,clade,sequence
>AY661155,>AY661066,40,3C.3a,
>AY661155,>AY661183,960,3C.3a,
>AY661155,>AF008828,240,3C.3a,
>AY661155,>AY661098,10,3C.3a,
>AY661155,>AY661192,106,3C.3a,
>AY661155,>AF008725,12,3C.3a,
>AY661155,>AY661020,40,3C.3a,
>AY661155,>AY661054,10,3C.3a,
>AY661155,>AY661067,80,3C.3a,
>AY661155,>AY661159,847,3C.3a,
>AY661155,>AY661073,40,3C.3a,
>AY661045,>AY661045,2560,3C.3a,
>AY661045,>CY114429,10,3C.3a,
>AY661045,>AY661041,160,3C.3a,
>AY661045,>AY661042,640,3C.3a,
>AY661045,>CY121157,320,3C.3a,
>AY661045,>AF201874,10,3C.3a,
>AY661045,>AY661098,10,3C.3a,
>AY661045,>AY661151,10,3C.3a,
>AY661045,>AY661181,10,3C.3a,
>AY661045,>AY661047,320,3C.3a,
>AY661045,>AY661025,80,3C.3a,
>AY661045,>AY661048,320,3C.3a,
>AY661045,>AY661049,139,3C.3a,
>AY661045,>AY661054,10,3C.3a,
>AY661045,>AF092062,320,3C.3a,
>AY661045,>U08858,160,3C.3a,
>AY661045,>AY661046,10,3C.3a,
>AY661045,>AY661052,160,3C.3a,
>AY661045,>AY661073,10,3C.3a,
>AY661045,>AY661050,160,3C.3a,
>AY661115,>AY661066,1280,3C.3a,
>AY661115,>AY661053,1280,3C.3a,
>AY661115,>AY661183,40,3C.3a,
>AY661115,>AY661180,20,3C.3a,
>AY661115,>AY661192,20,3C.3a,
>AY661115,>AY661054,1280,3C.3a,
>AY661115,>AY661067,5120,3C.3a,
>AY661115,>AY661159,60,3C.3a,
>AY661115,>AY661073,2560,3C.3a,
>AY661115,>AY661050,320,3C.3a,
>AY661071,>AY661053,1280,3C.3a,
>AY661071,>AY661049,160,3C.3a,
>AY661071,>AY661054,2560,3C.3a,
>AY661071,>AY661067,10240,3C.3a,
>AY661071,>AF008888,2560,3C.3a,
>AY661071,>AY661050,1280,3C.3a,
>CY113373,>AY661053,5120,3C.3a,
>CY113373,>AY661049,320,3C.3a,
>CY113373,>AY661054,10240,3C.3a,
>CY113373,>AY661067,10240,3C.3a,
>CY113373,>AF008888,1280,3C.3a,
>CY113373,>AY661050,5120,3C.3a,
>AF180643,>AF180643,4434,,
>AF180643,>AY661197,80,,
>AF180643,>AF008828,10,,
>AF180643,>AF201874,10,,
>AF180643,>AY661180,10,,
>AF180643,>AY661192,100,,
>AF180643,>AY661181,40,,
>AF180643,>AY661020,38,,
>AF180643,>AY661209,196,,
>AF180643,>AF092062,10,,
>CY114429,>CY114429,640,3C.3a,
>CY114429,>AY661066,10,3C.3a,
>CY114429,>CY121157,10,3C.3a,
>CY114429,>AF008665,10,3C.3a,
>CY114429,>CY112289,10,3C.3a,
>CY114429,>AY661180,10,3C.3a,
>CY114429,>AF008903,226,3C.3a,
>CY114429,>AY661048,1280,3C.3a,
>CY114429,>AY661049,640,3C.3a,
>CY114429,>CY113333,320,3C.3a,
>CY114429,>AY661054,320,3C.3a,
>CY114429,>AF092062,10,3C.3a,
>CY114429,>U08858,905,3C.3a,
>CY114429,>AY661050,1055,3C.3a,
>AY661130,>AF180643,10,3C.3a,
>AY661130,>CY114429,10,3C.3a,
>AY661130,>AY661066,79,3C.3a,
>AY661130,>CY121157,10,3C.3a,
>AY661130,>AF008828,96,3C.3a,
>AY661130,>AF008665,40,3C.3a,
>AY661130,>AF201874,10,3C.3a,
>AY661130,>CY112289,10,3C.3a,
>AY661130,>AY661180,97,3C.3a,
>AY661130,>AF008903,10,3C.3a,
>AY661130,>AY661098,55,3C.3a,
>AY661130,>AY661192,23,3C.3a,
>AY661130,>AY661151,40,3C.3a,
>AY661130,>AF008725,15,3C.3a,
>AY661130,>AY661181,73,3C.3a,
>AY661130,>AY661020,10,3C.3a,
>AY661130,>AY661054,80,3C.3a,
>AY661130,>AY661067,160,3C.3a,
>AY661130,>AF092062,10,3C.3a,
>AY661130,>AY661159,320,3C.3a,
>AY661130,>AY661198,15,3C.3a,
>AY661130,>AY661073,40,3C.3a,
>D43786,>AY661066,2334,3C.3a,
>D43786,>AY661053,480,3C.3a,
>D43786,>AY661183,80,3C.3a,
>D43786,>AY661180,60,3C.3a,
>D43786,>AY661098,1280,3C.3a,
>D43786,>AY661192,70,3C.3a,
>D43786,>AY661151,40,3C.3a,
>D43786,>AY661054,320,3C.3a,
>D43786,>AY661067,1280,3C.3a,
>D43786,>AY661159,80,3C.3a,
>D43786,>AY661073,480,3C.3a,
>D43786,>AY661050,160,3C.3a,
>AY661066,>AY661045,20,3C.3a,
>AY661066,>AF180643,10,3C.3a,
>AY661066,>CY114429,10,3C.3a,
>AY661066,>AY661066,1488,3C.3a,
>AY661066,>AY661053,320,3C.3a,
>AY661066,>CY121157,10,3C.3a,
>AY661066,>AF008828,10,3C.3a,
>AY661066,>AF008665,80,3C.3a,
>AY661066,>AF201874,10,3C.3a,
>AY661066,>CY112289,10,3C.3a,
>AY661066,>AY661180,10,3C.3a,
>AY661066,>AF008903,80,3C.3a,
>AY661066,>AY661098,458,3C.3a,
>AY661066,>AY661192,10,3C.3a,
>AY661066,>AY661151,10,3C.3a,
>AY661066,>AF008725,10,3C.3a,
>AY661066,>AY661181,10,3C.3a,
>AY661066,>AY661020,10,3C.3a,
>AY661066,>AY661054,320,3C.3a,
>AY661066,>AY661209,10,3C.3a,
>AY661066,>AY661067,1280,3C.3a,
>AY661066,>AF092062,10,3C.3a,
>AY661066,>AY661198,10,3C.3a,
>AY661066,>AY661052,80,3C.3a,
>AY661066,>AY661073,640,3C.3a,
>AY661066,>AF008888,480,3C.3a,
>AY661066,>AY661050,226,3C.3a,
>AY661015,>CY114429,453,,
>AY661015,>AY661054,640,,
>AY661015,>U08858,1280,,
>AY661015,>AY661050,2560,,
>AY661038,>CY114429,10,3C.2a4,
>AY661038,>CY121157,501,3C.2a4,
>AY661038,>AF201874,354,3C.2a4,
>AY661038,>AF008903,10,3C.2a4,
>AY661038,>AY661049,10,3C.2a4,
>AY661038,>AF092062,109,3C.2a4,
>AY661038,>U08858,10,3C.2a4,
>AY661038,>AY661050,10,3C.2a4,
>AY661039,>AY661045,10,3C.2a4,
>AY661039,>AY661041,640,3C.2a4,
>AY661039,>AY661042,320,3C.2a4,
>AY661039,>CY121157,320,3C.2a4,
>AY661039,>AF201874,640,3C.2a4,
>AY661039,>AY661098,10,3C.2a4,
>AY661039,>AY661151,10,3C.2a4,
>AY661039,>AY661181,10,3C.2a4,
>AY661039,>AY661047,10,3C.2a4,
>AY661039,>AY661025,10,3C.2a4,
>AY661039,>AY661048,10,3C.2a4,
>AY661039,>AY661049,10,3C.2a4,
>AY661039,>AF092062,80,3C.2a4,
>AY661039,>AY661046,10,3C.2a4,
>AY661039,>AY661052,10,3C.2a4,
>AY661039,>AY661073,10,3C.2a4,
>AY660991,>AY661045,20,3C.2a4,
>AY660991,>AY661066,20,3C.2a4,
>AY660991,>AY661053,20,3C.2a4,
>AY660991,>CY121157,1163,3C.2a4,
>AY660991,>AF201874,1163,3C.2a4,
>AY660991,>AF092062,291,3C.2a4,
>AY660991,>AF008888,20,3C.2a4,
>AY661006,>AY661045,1280,3C.3a,
>AY661006,>CY114429,10,3C.3a,
>AY661006,>AY661066,20,3C.3a,
>AY661006,>AY661053,320,3C.3a,
>AY661006,>CY121157,320,3C.3a,
>AY661006,>AF201874,10,3C.3a,
>AY661006,>AY661049,80,3C.3a,
>AY661006,>AF092062,320,3C.3a,
>AY661006,>U08858,80,3C.3a,
>AY661006,>AY661052,80,3C.3a,
>AY661006,>AF008888,20,3C.3a,
>AY661006,>AY661050,160,3C.3a,
>AY660993,>AY661045,20,3C.2a4,
>AY660993,>CY114429,10,3C.2a4,
>AY660993,>AY661066,20,3C.2a4,
>AY660993,>AY661053,20,3C.2a4,
>AY660993,>CY121157,453,3C.2a4,
>AY660993,>AF201874,554,3C.2a4,
>AY660993,>AF008903,10,3C.2a4,
>AY660993,>AY661049,10,3C.2a4,
>AY660993,>AF092062,113,3C.2a4,
>AY660993,>U08858,10,3C.2a4,
>AY660993,>AF008888,20,3C.2a4,
>CY113157,>CY121157,160,3C.2a4,
>CY113157,>AF201874,40,3C.2a4,
>CY113157,>AF092062,1280,3C.2a4,
>AY660997,>AY661045,20,3C.3a,
>AY660997,>CY114429,10,3C.3a,
>AY660997,>AY661066,20,3C.3a,
>AY660997,>AY661053,20,3C.3a,
>AY660997,>CY121157,905,3C.3a,
>AY660997,>AF201874,905,3C.3a,
>AY660997,>AF008903,10,3C.3a,
>AY660997,>AY661049,10,3C.3a,
>AY660997,>AF092062,139,3C.3a,
>AY660997,>U08858,10,3C.3a,
>AY660997,>AY661052,20,3C.3a,
>AY660997,>AF008888,20,3C.3a,
>AY661041,>AY661045,10,3C.2a4,
>AY661041,>CY114429,10,3C.2a4,
>AY661041,>AY661041,1280,3C.2a4,
>AY661041,>AY661042,1280,3C.2a4,
>AY661041,>CY121157,1280,3C.2a4,
>AY661041,>AF201874,80,3C.2a4,
>AY661041,>AY661098,10,3C.2a4,
>AY661041,>AY661151,10,3C.2a4,
>AY661041,>AY661181,10,3C.2a4,
>AY661041,>AY661047,10,3C.2a4,
>AY661041,>AY661025,10,3C.2a4,
>AY661041,>AY661048,10,3C.2a4,
>AY661041,>AY661049,10,3C.2a4,
>AY661041,>AY661054,10,3C.2a4,
>AY661041,>AF092062,1280,3C.2a4,
>AY661041,>U08858,10,3C.2a4,
>AY661041,>AY661046,10,3C.2a4,
>AY661041,>AY661052,10,3C.2a4,
>AY661041,>AY661073,10,3C.2a4,
>AY661041,>AY661050,10,3C.2a4,
>AY660998,>AY661045,20,3C.3a,
>AY660998,>CY114429,10,3C.3a,
>AY660998,>AY661066,20,3C.3a,
>AY660998,>AY661053,20,3C.3a,
>AY660998,>CY121157,905,3C.3a,
>AY660998,>AF201874,905,3C.3a,
>AY660998,>AF008903,10,3C.3a,
>AY660998,>AY661049,10,3C.3a,
>AY660998,>AF092062,160,3C.3a,
>AY660998,>U08858,10,3C.3a,
>AY660998,>AY661052,20,3C.3a,
>AY660998,>AF008888,20,3C.3a,
>AY661007,>CY114429,80,3C.3a,
>AY661007,>CY121157,120,3C.3a,
>AY661007,>AF201874,10,3C.3a,
>AY661007,>AY661049,640,3C.3a,
>AY661007,>AF092062,640,3C.3a,
>AY661007,>U08858,320,3C.3a,
>AY661007,>AY661050,640,3C.3a,
>AY661000,>AY661045,20,3C.2a4,
>AY661000,>AY661066,20,3C.2a4,
>AY661000,>AY661053,20,3C.2a4,
>AY661000,>CY121157,640,3C.2a4,
>AY661000,>AF201874,80,3C.2a4,
>AY661000,>AF092062,640,3C.2a4,
>AY661000,>AY661052,20,3C.2a4,
>AY661000,>AF008888,20,3C.2a4,
>AY661000,>AY661050,20,3C.2a4,
>AY661001,>AY661045,20,3C.2a4,
>AY661001,>AY661066,20,3C.2a4,
>AY661001,>AY661053,20,3C.2a4,
>AY661001,>CY121157,640,3C.2a4,
>AY661001,>AF201874,80,3C.2a4,
>AY661001,>AF092062,640,3C.2a4,
>AY661001,>AY661052,20,3C.2a4,
>AY661001,>AF008888,20,3C.2a4,
>AY661001,>AY661050,20,3C.2a4,
>AY661043,>CY121157,320,3C.2a4,
>AY661043,>AF201874,80,3C.2a4,
>AY661043,>AF092062,1280,3C.2a4,
>AY660995,>AY661045,20,3C.2a4,
>AY660995,>CY114429,10,3C.2a4,
>AY660995,>AY661066,20,3C.2a4,
>AY660995,>AY661053,20,3C.2a4,
>AY660995,>CY121157,320,3C.2a4,
>AY660995,>AF201874,320,3C.2a4,
>AY660995,>AF008903,10,3C.2a4,
>AY660995,>AY661049,10,3C.2a4,
>AY660995,>AF092062,80,3C.2a4,
>AY660995,>U08858,10,3C.2a4,
>AY660995,>AF008888,20,3C.2a4,
>AY661028,>AY661045,10,3C.2a4,
>AY661028,>AY661041,320,3C.2a4,
>AY661028,>AY661042,1280,3C.2a4,
>AY661028,>CY121157,320,3C.2a4,
>AY661028,>AF201874,40,3C.2a4,
>AY661028,>AY661098,10,3C.2a4,
>AY661028,>AY661151,10,3C.2a4,
>AY661028,>AY661181,10,3C.2a4,
>AY661028,>AY661047,10,3C.2a4,
>AY661028,>AY661025,10,3C.2a4,
>AY661028,>AY661048,10,3C.2a4,
>AY661028,>AY661049,10,3C.2a4,
>AY661028,>AY661054,10,3C.2a4,
>AY661028,>AF092062,1280,3C.2a4,
>AY661028,>AY661046,10,3C.2a4,
>AY661028,>AY661052,10,3C.2a4,
>AY661028,>AY661073,10,3C.2a4,
>CY113149,>CY114429,10,3C.2a4,
>CY113149,>CY121157,320,3C.2a4,
>CY113149,>AF201874,10,3C.2a4,
>CY113149,>AY661049,10,3C.2a4,
>CY113149,>AF092062,1280,3C.2a4,
>CY113149,>U08858,10,3C.2a4,
>CY113149,>AY661050,10,3C.2a4,
>AY661004,>AY661045,20,3C.2a4,
>AY661004,>CY114429,10,3C.2a4,
>AY661004,>AY661066,20,3C.2a4,
>AY661004,>AY661053,20,3C.2a4,
>AY661004,>CY121157,1280,3C.2a4,
>AY661004,>AF201874,80,3C.2a4,
>AY661004,>AY661049,10,3C.2a4,
>AY661004,>AF092062,1280,3C.2a4,
>AY661004,>U08858,10,3C.2a4,
>AY661004,>AY661052,20,3C.2a4,
>AY661004,>AF008888,20,3C.2a4,
>AY661004,>AY661050,20,3C.2a4,
>AY661011,>AY661045,1280,3C.3a,
>AY661011,>CY114429,10,3C.3a,
>AY661011,>AY661066,20,3C.3a,
>AY661011,>AY661053,320,3C.3a,
>AY661011,>CY121157,320,3C.3a,
>AY661011,>AF201874,10,3C.3a,
>AY661011,>AY661049,120,3C.3a,
>AY661011,>AF092062,320,3C.3a,
>AY661011,>U08858,120,3C.3a,
>AY661011,>AY661052,80,3C.3a,
>AY661011,>AF008888,20,3C.3a,
>AY661011,>AY661050,160,3C.3a,
>CY112337,>CY114429,10,,
>CY112337,>CY121157,320,,
>CY112337,>AF201874,40,,
>CY112337,>AY661049,10,,
>CY112337,>AF092062,640,,
>CY112337,>U08858,10,,
>CY112337,>AY661050,10,,
>AY661014,>CY114429,453,3C.3a,
>AY661014,>AY661054,1280,3C.3a,
>AY661014,>U08858,905,3C.3a,
>AY661014,>AY661050,2560,3C.3a,
>AY661008,>AY661045,1280,3C.3a,
>AY661008,>AY661066,20,3C.3a,
>AY661008,>AY661053,320,3C.3a,
>AY661008,>CY121157,160,3C.3a,
>AY661008,>AF201874,10,3C.3a,
>AY661008,>AF092062,160,3C.3a,
>AY661008,>AY661052,80,3C.3a,
>AY661008,>AF008888,20,3C.3a,
>AY661008,>AY661050,160,3C.3a,
>AY661018,>CY114429,10,,
>AY661018,>CY121157,320,,
>AY661018,>AF201874,40,,
>AY661018,>AY661049,10,,
>AY661018,>AF092062,640,,
>AY661018,>U08858,10,,
>AY661018,>AY661050,10,,
>AY661002,>AY661045,20,3C.2a4,
>AY661002,>AY661066,20,3C.2a4,
>AY661002,>AY661053,20,3C.2a4,
>AY661002,>CY121157,640,3C.2a4,
>AY661002,>AF201874,160,3C.2a4,
>AY661002,>AF092062,1280,3C.2a4,
>AY661002,>AY661052,20,3C.2a4,
>AY661002,>AF008888,20,3C.2a4,
>AY661002,>AY661050,20,3C.2a4,
>AY661009,>AY661045,1280,3C.3a,
>AY661009,>AY661066,20,3C.3a,
>AY661009,>AY661053,240,3C.3a,
>AY661009,>CY121157,160,3C.3a,
>AY661009,>AF201874,10,3C.3a,
>AY661009,>AF092062,320,3C.3a,
>AY661009,>AY661052,80,3C.3a,
>AY661009,>AF008888,20,3C.3a,
>AY661009,>AY661050,200,3C.3a,
>AY661042,>AY661045,10,3C.3a,
>AY661042,>AY661041,640,3C.3a,
>AY661042,>AY661042,1280,3C.3a,
>AY661042,>CY121157,320,3C.3a,
>AY661042,>AF201874,40,3C.3a,
>AY661042,>AY661098,10,3C.3a,
>AY661042,>AY661151,10,3C.3a,
>AY661042,>AY661181,10,3C.3a,
>AY661042,>AY661047,10,3C.3a,
>AY661042,>AY661025,10,3C.3a,
>AY661042,>AY661048,10,3C.3a,
>AY661042,>AY661049,10,3C.3a,
>AY661042,>AY661054,10,3C.3a,
>AY661042,>AF092062,2560,3C.3a,
>AY661042,>AY661046,10,3C.3a,
>AY661042,>AY661052,10,3C.3a,
>AY661042,>AY661073,10,3C.3a,
>AY661017,>CY114429,10,3C.3a,
>AY661017,>CY121157,291,3C.3a,
>AY661017,>AF201874,16,3C.3a,
>AY661017,>AF008903,10,3C.3a,
>AY661017,>AY661049,10,3C.3a,
>AY661017,>AF092062,905,3C.3a,
>AY661017,>U08858,10,3C.3a,
>AY661017,>AY661050,10,3C.3a,
>AY660999,>AY661045,20,,
>AY660999,>CY114429,10,,
>AY660999,>AY661066,20,,
>AY660999,>AY661053,20,,
>AY660999,>CY121157,905,,
>AY660999,>AF201874,453,,
>AY660999,>AF008903,10,,
>AY660999,>AY661049,10,,
>AY660999,>AF092062,226,,
>AY660999,>U08858,10,,
>AY660999,>AY661052,20,,
>AY660999,>AF008888,20,,
>AY661044,>CY114429,40,3C.2a4,
>AY661044,>CY121157,120,3C.2a4,
>AY661044,>AF201874,10,3C.2a4,
>AY661044,>AY661049,480,3C.2a4,
>AY661044,>AF092062,320,3C.2a4,
>AY661044,>U08858,240,3C.2a4,
>AY661044,>AY661050,480,3C.2a4,
>AY660996,>AY661045,20,,
>AY660996,>CY114429,10,,
>AY660996,>AY661066,20,,
>AY660996,>AY661053,20,,
>AY660996,>CY121157,392,,
>AY660996,>AF201874,165,,
>AY660996,>AF008903,10,,
>AY660996,>AY661049,10,,
>AY660996,>AF092062,57,,
>AY660996,>U08858,10,,
>AY660996,>AY661052,20,,
>AY660996,>AF008888,20,,
>AY660996,>AY661050,20,,
>AY661010,>AY661045,1600,3C.3a,
>AY661010,>CY114429,10,3C.3a,
>AY661010,>AY661066,20,3C.3a,
>AY661010,>AY661053,320,3C.3a,
>AY661010,>CY121157,210,3C.3a,
>AY661010,>AF201874,20,3C.3a,
>AY661010,>AF008903,80,3C.3a,
>AY661010,>AY661049,80,3C.3a,
>AY661010,>AF092062,320,3C.3a,
>AY661010,>U08858,80,3C.3a,
>AY661010,>AY661052,80,3C.3a,
>AY661010,>AF008888,20,3C.3a,
>AY661010,>AY661050,113,3C.3a,
>AY661027,>CY121157,320,3C.3a,
>AY661027,>AF201874,20,3C.3a,
>AY661027,>AF092062,2560,3C.3a,
>AY661003,>AY661045,20,3C.2a4,
>AY661003,>CY114429,10,3C.2a4,
>AY661003,>AY661066,20,3C.2a4,
>AY661003,>AY661053,20,3C.2a4,
>AY661003,>CY121157,640,3C.2a4,
>AY661003,>AF201874,52,3C.2a4,
>AY661003,>AF008903,10,3C.2a4,
>AY661003,>AY661049,10,3C.2a4,
>AY661003,>AF092062,1280,3C.2a4,
>AY661003,>U08858,10,3C.2a4,
>AY661003,>AY661052,20,3C.2a4,
>AY661003,>AF008888,20,3C.2a4,
>AY661003,>AY661050,20,3C.2a4,
>AY661040,>CY121157,640,,
>AY661040,>AF201874,320,,
>AY661040,>AF008903,10,,
>AY661040,>AF092062,120,,
>AY660992,>AY661045,20,3C.2a4,
>AY660992,>AY661066,20,3C.2a4,
>AY660992,>AY661053,20,3C.2a4,
>AY660992,>CY121157,640,3C.2a4,
>AY660992,>AF201874,1280,3C.2a4,
>AY660992,>AF008903,10,3C.2a4,
>AY660992,>AF092062,80,3C.2a4,
>AY660992,>AF008888,20,3C.2a4,
>AY660994,>AY661045,20,,
>AY660994,>CY114429,10,,
>AY660994,>AY661066,20,,
>AY660994,>AY661053,20,,
>AY660994,>CY121157,640,,
>AY660994,>AF201874,1109,,
>AY660994,>AF008903,10,,
>AY660994,>AY661049,10,,
>AY660994,>U08858,10,,
>AY660994,>AF008888,20,,
>AY661005,>AY661045,20,,
>AY661005,>CY114429,10,,
>AY661005,>AY661066,20,,
>AY661005,>AY661053,20,,
>AY661005,>CY121157,392,,
>AY661005,>AF201874,60,,
>AY661005,>AY661049,10,,
>AY661005,>AF092062,2560,,
>AY661005,>U08858,10,,
>AY661005,>AY661052,20,,
>AY661005,>AF008888,20,,
>AY661005,>AY661050,20,,
>AY661197,>AF180643,640,3C.3a,
>AY661197,>AY661197,640,3C.3a,
>AY661197,>AF008828,120,3C.3a,
>AY661197,>AY661182,113,3C.3a,
>AY661197,>AY661098,80,3C.3a,
>AY661197,>AY661192,162,3C.3a,
>AY661197,>AF008725,481,3C.3a,
>AY661197,>AY661020,280,3C.3a,
>AY661197,>AY661209,160,3C.3a,
>AY661197,>AY661159,198,3C.3a,
>AY661076,>AY661066,453,3C.3a,
>AY661076,>AY661053,3620,3C.3a,
>AY661076,>AY661054,7241,3C.3a,
>AY661076,>AY661067,10240,3C.3a,
>AY661076,>AY661073,640,3C.3a,
>AY661076,>AY661050,3620,3C.3a,
>AF008905,>AY661049,1016,,
>AF008905,>AY661054,1280,,
>AF008905,>U08858,640,,
>AF008905,>AF008888,320,,
>AF008905,>AY661050,5120,,
>AF008867,>CY114429,40,,
>AF008867,>AF008903,320,,
>AF008867,>CY113333,1280,,
>AF008867,>AY661054,640,,
>AF008867,>U08858,160,,
>AY661053,>CY114429,34,3C.3a,
>AY661053,>AY661066,160,3C.3a,
>AY661053,>AY661041,10,3C.3a,
>AY661053,>AY661042,10,3C.3a,
>AY661053,>AY661053,10240,3C.3a,
>AY661053,>CY121157,10,3C.3a,
>AY661053,>AF201874,10,3C.3a,
>AY661053,>AF008903,2560,3C.3a,
>AY661053,>AY661098,80,3C.3a,
>AY661053,>AY661151,10,3C.3a,
>AY661053,>AY661181,10,3C.3a,
>AY661053,>AY661047,640,3C.3a,
>AY661053,>AY661025,320,3C.3a,
>AY661053,>AY661048,2560,3C.3a,
>AY661053,>AY661049,1280,3C.3a,
>AY661053,>CY113333,640,3C.3a,
>AY661053,>AY661054,1280,3C.3a,
>AY661053,>U08858,571,3C.3a,
>AY661053,>AY661046,320,3C.3a,
>AY661053,>AY661052,3620,3C.3a,
>AY661053,>AY661073,10,3C.3a,
>AY661053,>AF008888,318,3C.3a,
>AY661053,>AY661050,2382,3C.3a,
>CY112412,>AY661053,2560,3C.2,
>CY112412,>AF008665,5120,3C.2,
>CY112412,>AY661049,160,3C.2,
>CY112412,>AY661067,10240,3C.2,
>CY113413,>AY661066,320,3C.3a,
>CY113413,>AY661053,640,3C.3a,
>CY113413,>AY661049,320,3C.3a,
>CY113413,>AY661054,4457,3C.3a,
>CY113413,>AY661067,10240,3C.3a,
>CY113413,>AY661073,640,3C.3a,
>CY113413,>AF008888,905,3C.3a,
>CY113413,>AY661050,1832,3C.3a,
>AY661075,>AY661066,1280,3C.3a,
>AY661075,>AY661053,1280,3C.3a,
>AY661075,>AY661183,20,3C.3a,
>AY661075,>AY661192,18,3C.3a,
>AY661075,>AY661054,640,3C.3a,
>AY661075,>AY661067,3620,3C.3a,
>AY661075,>AY661159,40,3C.3a,
>AY661075,>AY661073,2560,3C.3a,
>AY661075,>AY661050,320,3C.3a,
>AY661081,>AY661066,640,,
>AY661081,>AY661053,403,,
>AY661081,>AY661183,140,,
>AY661081,>AY661180,120,,
>AY661081,>AY661192,120,,
>AY661081,>AF008725,10,,
>AY661081,>AY661054,320,,
>AY661081,>AY661067,1613,,
>AY661081,>AY661159,160,,
>AY661081,>AY661073,1016,,
>AY661081,>AY661050,127,,
>CY121157,>CY114429,10,3C.3a,
>CY121157,>AY661066,10,3C.3a,
>CY121157,>CY121157,5120,3C.3a,
>CY121157,>AF008665,10,3C.3a,
>CY121157,>CY112289,80,3C.3a,
>CY121157,>AY661180,10,3C.3a,
>CY121157,>AF008903,10,3C.3a,
>CY121157,>AF092062,1280,3C.3a,
>AY661055,>AY661049,320,3C.3a,
>AY661055,>AY661054,2560,3C.3a,
>AY661055,>AF008888,640,3C.3a,
>AY661055,>AY661050,1280,3C.3a,
>Z46405,>AY661183,640,3C.2,
>Z46405,>AF008828,400,3C.2,
>Z46405,>AY661180,560,3C.2,
>Z46405,>AY661098,40,3C.2,
>Z46405,>AY661192,2240,3C.2,
>Z46405,>AY661020,3200,3C.2,
>Z46405,>AY661174,80,3C.2,
>Z46405,>AY661159,212,3C.2,
>AY661096,>AY661066,640,,
>AY661096,>AY661053,640,,
>AY661096,>AY661183,30,,
>AY661096,>AY661192,10,,
>AY661096,>AY661054,320,,
>AY661096,>AY661067,5120,,
>AY661096,>AY661159,35,,
>AY661096,>AY661073,2560,,
>AY661096,>AY661050,160,,
>AY661150,>AY661066,640,3C.2,
>AY661150,>AY661183,80,3C.2,
>AY661150,>AY661180,120,3C.2,
>AY661150,>AY661098,1280,3C.2,
>AY661150,>AY661192,80,3C.2,
>AY661150,>AF008725,40,3C.2,
>AY661150,>AY661054,320,3C.2,
>AY661150,>AY661067,2560,3C.2,
>AY661150,>AY661159,120,3C.2,
>AY661150,>AY661073,1280,3C.2,
>AY661032,>KM821324,5120,3C.2,
>AY661032,>AF008828,10,3C.2,
>AY661032,>AY661192,20,3C.2,
>AY661032,>AF008725,20,3C.2,
>AY661032,>AY661023,640,3C.2,
>AY661032,>AY661034,5120,3C.2,
>AY661032,>KM821317,1280,3C.2,
>AY661032,>AY661198,10,3C.2,
>AY661109,>AY661066,640,3C.3a,
>AY661109,>AY661053,160,3C.3a,
>AY661109,>AY661183,30,3C.3a,
>AY661109,>AY661180,20,3C.3a,
>AY661109,>AY661192,20,3C.3a,
>AY661109,>AY661054,160,3C.3a,
>AY661109,>AY661067,640,3C.3a,
>AY661109,>AY661159,20,3C.3a,
>AY661109,>AY661073,640,3C.3a,
>AY661109,>AY661050,80,3C.3a,
>AY661110,>AY661066,403,3C.3a,
>AY661110,>AY661053,160,3C.3a,
>AY661110,>AY661183,40,3C.3a,
>AY661110,>AY661180,20,3C.3a,
>AY661110,>AY661192,12,3C.3a,
>AY661110,>AY661054,160,3C.3a,
>AY661110,>AY661067,640,3C.3a,
>AY661110,>AY661159,40,3C.3a,
>AY661110,>AY661073,640,3C.3a,
>AY661110,>AY661050,40,3C.3a,
>AY661138,>AY661066,40,3C.3a,
>AY661138,>AY661098,10,3C.3a,
>AY661138,>AY661151,80,3C.3a,
>AY661138,>AY661054,40,3C.3a,
>AY661138,>AY661067,160,3C.3a,
>AY661138,>AY661159,1280,3C.3a,
>AY661138,>AY661073,40,3C.3a,
>AY661183,>AY661183,1177,3C.3a,
>AY661183,>AY661182,1016,3C.3a,
>AY661183,>AY661180,305,3C.3a,
>AY661183,>AY661098,101,3C.3a,
>AY661183,>AY661151,320,3C.3a,
>AY661183,>AF008725,80,3C.3a,
>AY661183,>AY661181,139,3C.3a,
>AY661183,>AY661020,2560,3C.3a,
>AY661183,>AY661174,160,3C.3a,
>AY661183,>AY661159,190,3C.3a,
>AY661184,>AY661183,640,3C.3a,
>AY661184,>AY661182,640,3C.3a,
>AY661184,>AY661180,462,3C.3a,
>AY661184,>AY661098,40,3C.3a,
>AY661184,>AY661192,1109,3C.3a,
>AY661184,>AY661181,226,3C.3a,
>AY661184,>AY661020,1920,3C.3a,
>AY661184,>AY661174,80,3C.3a,
>AY661184,>AY661159,113,3C.3a,
>AY661196,>AY661183,749,3C.3a,
>AY661196,>AF008828,640,3C.3a,
>AY661196,>AY661182,489,3C.3a,
>AY661196,>AY661180,446,3C.3a,
>AY661196,>AY661098,40,3C.3a,
>AY661196,>AY661192,1109,3C.3a,
>AY661196,>AF008725,100,3C.3a,
>AY661196,>AY661181,277,3C.3a,
>AY661196,>AY661020,1280,3C.3a,
>AY661196,>AY661159,240,3C.3a,
>KM821324,>KM821324,2971,3C.2,
>KM821324,>AF008828,10,3C.2,
>KM821324,>AY661192,10,3C.2,
>KM821324,>AF008725,10,3C.2,
>KM821324,>AY661023,560,3C.2,
>KM821324,>AY661034,2342,3C.2,
>KM821324,>KM821317,320,3C.2,
>KM821324,>AY661198,10,3C.2,
>AF008828,>AF180643,10,,
>AF008828,>AY661066,10,,
>AF008828,>AY661183,640,,
>AF008828,>AF008828,1432,,
>AF008828,>AF201874,10,,
>AF008828,>AY661098,40,,
>AF008828,>AY661192,277,,
>AF008828,>AY661151,320,,
>AF008828,>AF008725,50,,
>AF008828,>AY661181,1191,,
>AF008828,>AY661020,168,,
>AF008828,>AY661174,320,,
>AF008828,>AF092062,10,,
>AF008828,>AY661159,1353,,
>AF008828,>AY661198,15,,
>AY661195,>AF180643,1280,3C.3a,
>AY661195,>AY661197,3044,3C.3a,
>AY661195,>AY661183,757,3C.3a,
>AY661195,>AF008828,50,3C.3a,
>AY661195,>AY661182,757,3C.3a,
>AY661195,>AY661180,538,3C.3a,
>AY661195,>AY661098,160,3C.3a,
>AY661195,>AY661192,610,3C.3a,
>AY661195,>AF008725,1174,3C.3a,
>AY661195,>AY661181,370,3C.3a,
>AY661195,>AY661020,320,3C.3a,
>AY661195,>AY661209,5120,3C.3a,
>AY661195,>AY661159,320,3C.3a,
>AY661195,>AY661198,3044,3C.3a,
>AY661057,>AY661053,2560,3C.3a,
>AY661057,>AF008665,10240,3C.3a,
>AY661057,>AY661049,320,3C.3a,
>AY661057,>AY661054,4064,3C.3a,
>AY661057,>AY661067,10240,3C.3a,
>AY661057,>AF008888,905,3C.3a,
>AY661057,>AY661050,2032,3C.3a,
>AY661111,>AY661066,1280,3C.3a,
>AY661111,>AY661053,320,3C.3a,
>AY661111,>AY661183,18,3C.3a,
>AY661111,>AY661054,320,3C.3a,
>AY661111,>AY661067,2560,3C.3a,
>AY661111,>AY661159,10,3C.3a,
>AY661111,>AY661073,1280,3C.3a,
>AY661111,>AY661050,80,3C.3a,
>CY113565,>AY661066,320,3C.3a,
>CY113565,>AY661053,2560,3C.3a,
>CY113565,>AY661054,2560,3C.3a,
>CY113565,>AY661067,5120,3C.3a,
>CY113565,>AY661073,320,3C.3a,
>CY113565,>AY661050,1280,3C.3a,
>AY661077,>AY661066,640,3C.3a,
>AY661077,>AY661053,320,3C.3a,
>AY661077,>AY661183,40,3C.3a,
>AY661077,>AY661192,20,3C.3a,
>AY661077,>AY661054,320,3C.3a,
>AY661077,>AY661067,1280,3C.3a,
>AY661077,>AY661159,30,3C.3a,
>AY661077,>AY661073,1280,3C.3a,
>AY661077,>AY661050,80,3C.3a,
>AY661182,>AY661183,640,3C.2,
>AY661182,>AY661182,1280,3C.2,
>AY661182,>AY661180,342,3C.2,
>AY661182,>AY661098,57,3C.2,
>AY661182,>AY661192,254,3C.2,
>AY661182,>AY661151,320,3C.2,
>AY661182,>AF008725,40,3C.2,
>AY661182,>AY661181,320,3C.2,
>AY661182,>AY661020,60,3C.2,
>AY661182,>AY661174,226,3C.2,
>AY661182,>AY661159,291,3C.2,
>AY661051,>CY114429,40,3C.3a,
>AY661051,>AY661049,1280,3C.3a,
>AY661051,>U08858,320,3C.3a,
>AY661051,>AY661050,1280,3C.3a,
>AF008665,>CY114429,10,,
>AF008665,>AY661066,80,,
>AF008665,>AY661053,160,,
>AF008665,>CY121157,10,,
>AF008665,>CY112289,10,,
>AF008665,>AY661180,40,,
>AF008665,>AF008903,80,,
>AF008665,>AY661049,160,,
>AF008665,>AY661054,1280,,
>AF008665,>AY661067,640,,
>AF008665,>AF092062,10,,
>AF008665,>AY661073,160,,
>AF008665,>AF008888,80,,
>AF008665,>AY661050,640,,
>AF201874,>AF180643,10,,
>AF201874,>CY114429,10,,
>AF201874,>CY121157,2560,,
>AF201874,>AF008828,10,,
>AF201874,>AF201874,1280,,
>AF201874,>CY112289,1280,,
>AF201874,>AY661180,10,,
>AF201874,>AF008903,10,,
>AF201874,>AY661192,10,,
>AF201874,>AF008725,10,,
>AF201874,>AY661181,10,,
>AF201874,>AY661020,10,,
>AF201874,>AY661209,10,,
>AF201874,>AF092062,53,,
>AF201874,>AY661198,10,,
>AY661065,>AY661066,320,,
>AY661065,>AY661053,2560,,
>AY661065,>AF008665,10240,,
>AY661065,>AY661049,320,,
>AY661065,>AY661054,5120,,
>AY661065,>AY661067,11763,,
>AY661065,>AY661073,640,,
>AY661065,>AF008888,905,,
>AY661065,>AY661050,2560,,
>AY661175,>AY661066,160,3C.3a,
>AY661175,>AY661183,3200,3C.3a,
>AY661175,>AF008828,1920,3C.3a,
>AY661175,>AY661180,2560,3C.3a,
>AY661175,>AY661098,160,3C.3a,
>AY661175,>AY661192,640,3C.3a,
>AY661175,>AY661151,160,3C.3a,
>AY661175,>AY661020,400,3C.3a,
>AY661175,>AY661159,1568,3C.3a,
>AY661202,>AF180643,320,,
>AY661202,>AY661197,1280,,
>AY661202,>AY661183,80,,
>AY661202,>AF008828,240,,
>AY661202,>AY661180,80,,
>AY661202,>AY661192,400,,
>AY661202,>AF008725,593,,
>AY661202,>AY661181,187,,
>AY661202,>AY661020,160,,
>AY661202,>AY661209,1846,,
>AY661202,>AY661159,160,,
>AY661202,>AY661198,1280,,
>CY112289,>CY114429,10,,
>CY112289,>AY661066,10,,
>CY112289,>CY121157,320,,
>CY112289,>AF008665,10,,
>CY112289,>CY112289,5120,,
>CY112289,>AY661180,10,,
>CY112289,>AF008903,10,,
>CY112289,>AF092062,1280,,
>Z46408,>AY661066,160,,
>Z46408,>AY661183,800,,
>Z46408,>AF008828,1120,,
>Z46408,>AY661180,960,,
>Z46408,>AY661098,80,,
>Z46408,>AY661192,280,,
>Z46408,>AY661151,160,,
>Z46408,>AY661020,240,,
>Z46408,>AY661159,1197,,
>AY661193,>AF180643,640,3C.3a,
>AY661193,>AY661197,1280,3C.3a,
>AY661193,>AY661183,554,3C.3a,
>AY661193,>AF008828,80,3C.3a,
>AY661193,>AY661182,640,3C.3a,
>AY661193,>AY661180,254,3C.3a,
>AY661193,>AY661098,160,3C.3a,
>AY661193,>AY661192,614,3C.3a,
>AY661193,>AF008725,593,3C.3a,
>AY661193,>AY661181,195,3C.3a,
>AY661193,>AY661020,320,3C.3a,
>AY661193,>AY661209,1280,3C.3a,
>AY661193,>AY661159,320,3C.3a,
>AY661193,>AY661198,1280,3C.3a,
>AY661203,>AF180643,640,,
>AY661203,>AY661197,923,,
>AY661203,>AY661192,320,,
>AY661203,>AF008725,431,,
>AY661203,>AY661181,80,,
>AY661203,>AY661209,923,,
>AY661203,>AY661198,640,,
>AF008755,>AY661183,1920,3C.3a,
>AF008755,>AF008828,733,3C.3a,
>AF008755,>AY661180,1358,3C.3a,
>AF008755,>AY661098,80,3C.3a,
>AF008755,>AY661192,280,3C.3a,
>AF008755,>AY661181,2560,3C.3a,
>AF008755,>AY661020,160,3C.3a,
>AF008755,>AY661174,1280,3C.3a,
>AF008755,>AY661159,2395,3C.3a,
>AY661185,>AY661183,1280,,
>AY661185,>AF008828,2930,,
>AY661185,>AY661180,3225,,
>AY661185,>AY661098,80,,
>AY661185,>AY661192,640,,
>AY661185,>AY661151,640,,
>AY661185,>AY661181,5120,,
>AY661185,>AY661020,160,,
>AY661185,>AY661174,1810,,
>AY661185,>AY661159,1846,,
>AF008711,>AY661183,784,3C.2,
>AF008711,>AF008828,160,3C.2,
>AF008711,>AY661182,640,3C.2,
>AF008711,>AY661180,392,3C.2,
>AF008711,>AY661098,160,3C.2,
>AF008711,>AY661192,960,3C.2,
>AF008711,>AF008725,320,3C.2,
>AF008711,>AY661181,160,3C.2,
>AF008711,>AY661020,400,3C.2,
>AF008711,>AY661159,400,3C.2,
>AF180602,>AY661183,240,3C.2,
>AF180602,>AF008828,40,3C.2,
>AF180602,>AY661182,320,3C.2,
>AF180602,>AY661180,226,3C.2,
>AF180602,>AY661098,80,3C.2,
>AF180602,>AY661192,320,3C.2,
>AF180602,>AF008725,240,3C.2,
>AF180602,>AY661181,120,3C.2,
>AF180602,>AY661020,240,3C.2,
>AF180602,>AY661159,240,3C.2,
>AY661186,>AY661183,1280,,
>AY661186,>AF008828,960,,
>AY661186,>AY661182,2560,,
>AY661186,>AY661180,1280,,
>AY661186,>AY661098,80,,
>AY661186,>AY661192,960,,
>AY661186,>AF008725,80,,
>AY661186,>AY661181,1280,,
>AY661186,>AY661020,320,,
>AY661186,>AY661159,960,,
>AF008769,>AF180643,320,,
>AF008769,>AY661197,151,,
>AF008769,>AY661183,1358,,
>AF008769,>AF008828,200,,
>AF008769,>AY661182,1280,,
>AF008769,>AY661180,957,,
>AF008769,>AY661098,80,,
>AF008769,>AY661192,287,,
>AF008769,>AF008725,49,,
>AF008769,>AY661181,1324,,
>AF008769,>AY661020,160,,
>AF008769,>AY661209,80,,
>AF008769,>AY661159,320,,
>AF180570,>AY661197,40,3C.3a,
>AF180570,>AY661183,423,3C.3a,
>AF180570,>AF008828,2240,3C.3a,
>AF180570,>AY661182,640,3C.3a,
>AF180570,>AY661180,1197,3C.3a,
>AF180570,>AY661098,40,3C.3a,
>AF180570,>AY661192,183,3C.3a,
>AF180570,>AF008725,80,3C.3a,
>AF180570,>AY661181,453,3C.3a,
>AF180570,>AY661020,140,3C.3a,
>AF180570,>AY661159,320,3C.3a,
>AF180570,>AY661198,40,3C.3a,
>AY661187,>AY661183,1037,3C.3a,
>AY661187,>AF008828,320,3C.3a,
>AY661187,>AY661182,960,3C.3a,
>AY661187,>AY661180,679,3C.3a,
>AY661187,>AY661098,120,3C.3a,
>AY661187,>AY661192,3840,3C.3a,
>AY661187,>AF008725,80,3C.3a,
>AY661187,>AY661181,800,3C.3a,
>AY661187,>AY661020,3200,3C.3a,
>AY661187,>AY661159,320,3C.3a,
>AY661204,>AY661066,80,,
>AY661204,>AY661183,1600,,
>AY661204,>AF008828,2326,,
>AY661204,>AY661180,2326,,
>AY661204,>AY661098,80,,
>AY661204,>AY661192,1920,,
>AY661204,>AY661151,320,,
>AY661204,>AY661181,2560,,
>AY661204,>AY661020,2240,,
>AY661204,>AY661174,1280,,
>AY661204,>AY661159,1379,,
>AY661189,>AF180643,320,3C.3a,
>AY661189,>AY661197,1280,3C.3a,
>AY661189,>AY661183,826,3C.3a,
>AY661189,>AF008828,200,3C.3a,
>AY661189,>AY661182,584,3C.3a,
>AY661189,>AY661180,345,3C.3a,
>AY661189,>AY661098,73,3C.3a,
>AY661189,>AY661192,558,3C.3a,
>AY661189,>AF008725,626,3C.3a,
>AY661189,>AY661181,221,3C.3a,
>AY661189,>AY661020,800,3C.3a,
>AY661189,>AY661209,1280,3C.3a,
>AY661189,>AY661159,1920,3C.3a,
>AY661189,>AY661198,1280,3C.3a,
>AY661178,>AY661066,160,,
>AY661178,>AY661183,4480,,
>AY661178,>AF008828,4480,,
>AY661178,>AY661180,4480,,
>AY661178,>AY661098,80,,
>AY661178,>AY661192,1600,,
>AY661178,>AY661151,320,,
>AY661178,>AY661020,400,,
>AY661178,>AY661159,2217,,
>AY661124,>AY661066,1280,3C.3a,
>AY661124,>AY661053,320,3C.3a,
>AY661124,>AY661183,40,3C.3a,
>AY661124,>AY661192,12,3C.3a,
>AY661124,>AY661054,320,3C.3a,
>AY661124,>AY661067,1280,3C.3a,
>AY661124,>AY661159,35,3C.3a,
>AY661124,>AY661073,1280,3C.3a,
>AY661124,>AY661050,80,3C.3a,
>AY661122,>AY661066,1280,,
>AY661122,>AY661053,640,,
>AY661122,>AY661183,40,,
>AY661122,>AY661180,18,,
>AY661122,>AY661192,20,,
>AY661122,>AY661054,640,,
>AY661122,>AY661067,2560,,
>AY661122,>AY661159,40,,
>AY661122,>AY661073,1280,,
>AY661122,>AY661050,160,,
>AY661123,>AY661066,1280,3C.3a,
>AY661123,>AY661053,320,3C.3a,
>AY661123,>AY661183,60,3C.3a,
>AY661123,>AY661180,20,3C.3a,
>AY661123,>AY661192,30,3C.3a,
>AY661123,>AF008725,10,3C.3a,
>AY661123,>AY661054,320,3C.3a,
>AY661123,>AY661067,1280,3C.3a,
>AY661123,>AY661159,40,3C.3a,
>AY661123,>AY661073,1280,3C.3a,
>AY661123,>AY661050,80,3C.3a,
>AY661201,>AY661183,253,3C.2,
>AY661201,>AF008828,90,3C.2,
>AY661201,>AY661180,98,3C.2,
>AY661201,>AY661192,264,3C.2,
>AY661201,>AF008725,250,3C.2,
>AY661201,>AY661181,80,3C.2,
>AY661201,>AY661020,320,3C.2,
>AY661201,>AY661159,358,3C.2,
>AY661180,>AF180643,40,3C.3a,
>AY661180,>CY114429,10,3C.3a,
>AY661180,>AY661066,10,3C.3a,
>AY661180,>AY661197,80,3C.3a,
>AY661180,>CY121157,10,3C.3a,
>AY661180,>AY661183,254,3C.3a,
>AY661180,>AF008828,907,3C.3a,
>AY661180,>AY661182,640,3C.3a,
>AY661180,>AF008665,10,3C.3a,
>AY661180,>AF201874,10,3C.3a,
>AY661180,>AF008903,10,3C.3a,
>AY661180,>AY661098,40,3C.3a,
>AY661180,>AY661192,253,3C.3a,
>AY661180,>AY661151,80,3C.3a,
>AY661180,>AF008725,40,3C.3a,
>AY661180,>AY661181,884,3C.3a,
>AY661180,>AY661020,40,3C.3a,
>AY661180,>AY661209,40,3C.3a,
>AY661180,>AY661174,298,3C.3a,
>AY661180,>AF092062,10,3C.3a,
>AY661180,>AY661159,302,3C.3a,
>AY661179,>AY661183,140,,
>AY661179,>AF008828,1197,,
>AY661179,>AY661180,1358,,
>AY661179,>AY661098,40,,
>AY661179,>AY661192,45,,
>AY661179,>AY661151,320,,
>AY661179,>AY661181,1280,,
>AY661179,>AY661020,70,,
>AY661179,>AY661174,320,,
>AY661179,>AY661159,547,,
>AF008903,>CY114429,40,3C.2,
>AF008903,>AY661066,10,3C.2,
>AF008903,>CY121157,10,3C.2,
>AF008903,>AF008665,80,3C.2,
>AF008903,>CY112289,10,3C.2,
>AF008903,>AF008903,640,3C.2,
>AF008903,>AY661048,160,3C.2,
>AF008903,>AY661049,453,3C.2,
>AF008903,>CY113333,320,3C.2,
>AF008903,>AY661054,905,3C.2,
>AF008903,>AF092062,10,3C.2,
>AF008903,>U08858,320,3C.2,
>AF008903,>AF008888,160,3C.2,
>AF008903,>AY661050,1786,3C.2,
>AY661098,>AY661045,10,3C.3a,
>AY661098,>AY661066,640,3C.3a,
>AY661098,>AY661041,10,3C.3a,
>AY661098,>AY661042,10,3C.3a,
>AY661098,>AY661053,320,3C.3a,
>AY661098,>AY661183,80,3C.3a,
>AY661098,>AF008828,40,3C.3a,
>AY661098,>AY661182,80,3C.3a,
>AY661098,>AY661098,2560,3C.3a,
>AY661098,>AY661151,40,3C.3a,
>AY661098,>AF008725,40,3C.3a,
>AY661098,>AY661047,10,3C.3a,
>AY661098,>AY661025,10,3C.3a,
>AY661098,>AY661048,10,3C.3a,
>AY661098,>AY661049,10,3C.3a,
>AY661098,>AY661054,202,3C.3a,
>AY661098,>AY661067,1280,3C.3a,
>AY661098,>AY661174,80,3C.3a,
>AY661098,>AY661046,10,3C.3a,
>AY661098,>AY661159,40,3C.3a,
>AY661098,>AY661052,640,3C.3a,
>AY661098,>AY661073,1016,3C.3a,
>AY661098,>AY661050,160,3C.3a,
>AY661099,>AY661066,1076,3C.3a,
>AY661099,>AY661053,320,3C.3a,
>AY661099,>AY661183,50,3C.3a,
>AY661099,>AY661180,40,3C.3a,
>AY661099,>AY661098,2560,3C.3a,
>AY661099,>AY661192,20,3C.3a,
>AY661099,>AF008725,20,3C.3a,
>AY661099,>AY661054,320,3C.3a,
>AY661099,>AY661067,1280,3C.3a,
>AY661099,>AY661159,80,3C.3a,
>AY661099,>AY661073,1280,3C.3a,
>AY661099,>AY661050,160,3C.3a,
>AY661100,>AY661066,2560,3C.2,
>AY661100,>AY661053,640,3C.2,
>AY661100,>AY661183,40,3C.2,
>AY661100,>AY661180,18,3C.2,
>AY661100,>AY661192,18,3C.2,
>AY661100,>AY661054,640,3C.2,
>AY661100,>AY661067,2560,3C.2,
>AY661100,>AY661159,40,3C.2,
>AY661100,>AY661073,2560,3C.2,
>AY661100,>AY661050,160,3C.2,
>AY661103,>AY661066,640,3C.2,
>AY661103,>AY661053,320,3C.2,
>AY661103,>AY661183,70,3C.2,
>AY661103,>AY661180,60,3C.2,
>AY661103,>AY661192,50,3C.2,
>AY661103,>AF008725,30,3C.2,
>AY661103,>AY661054,160,3C.2,
>AY661103,>AY661067,1280,3C.2,
>AY661103,>AY661159,60,3C.2,
>AY661103,>AY661073,640,3C.2,
>AY661103,>AY661050,120,3C.2,
>AY661104,>AY661066,1280,3C.2,
>AY661104,>AY661053,320,3C.2,
>AY661104,>AY661054,320,3C.2,
>AY661104,>AY661067,2560,3C.2,
>AY661104,>AY661073,1920,3C.2,
>AY661104,>AY661050,160,3C.2,
>AY661102,>AY661066,1280,3C.2,
>AY661102,>AY661053,320,3C.2,
>AY661102,>AY661183,40,3C.2,
>AY661102,>AY661180,20,3C.2,
>AY661102,>AY661192,18,3C.2,
>AY661102,>AY661054,320,3C.2,
>AY661102,>AY661067,1280,3C.2,
>AY661102,>AY661159,40,3C.2,
>AY661102,>AY661073,2560,3C.2,
>AY661102,>AY661050,160,3C.2,
>AY661101,>AY661066,1280,3C.2,
>AY661101,>AY661053,640,3C.2,
>AY661101,>AY661183,25,3C.2,
>AY661101,>AY661192,10,3C.2,
>AY661101,>AY661054,320,3C.2,
>AY661101,>AY661067,2560,3C.2,
>AY661101,>AY661159,18,3C.2,
>AY661101,>AY661073,2560,3C.2,
>AY661101,>AY661050,160,3C.2,
>AF131997,>AY661183,560,,
>AF131997,>AF008828,100,,
>AF131997,>AY661180,240,,
>AF131997,>AY661192,569,,
>AF131997,>AF008725,1280,,
>AF131997,>AY661181,320,,
>AF131997,>AY661020,360,,
>AF131997,>AY661159,640,,
>AY661169,>AY661066,80,,
>AY661169,>AY661098,40,,
>AY661170,>AY661066,40,3C.3a,
>AY661170,>AY661183,2880,3C.3a,
>AY661170,>AF008828,5760,3C.3a,
>AY661170,>AY661180,2880,3C.3a,
>AY661170,>AY661098,40,3C.3a,
>AY661170,>AY661192,640,3C.3a,
>AY661170,>AY661020,320,3C.3a,
>AY661170,>AY661159,1920,3C.3a,
>AY661171,>AY661066,80,3C.3a,
>AY661171,>AY661183,1120,3C.3a,
>AY661171,>AF008828,1280,3C.3a,
>AY661171,>AY661180,1600,3C.3a,
>AY661171,>AY661098,40,3C.3a,
>AY661171,>AY661192,240,3C.3a,
>AY661171,>AY661020,160,3C.3a,
>AY661171,>AY661159,1600,3C.3a,
>AY661192,>AY661197,640,3C.3a,
>AY661192,>AY661183,1071,3C.3a,
>AY661192,>AY661182,618,3C.3a,
>AY661192,>AF201874,10,3C.3a,
>AY661192,>AY661180,465,3C.3a,
>AY661192,>AY661098,88,3C.3a,
>AY661192,>AY661192,794,3C.3a,
>AY661192,>AF008725,157,3C.3a,
>AY661192,>AY661181,459,3C.3a,
>AY661192,>AY661020,587,3C.3a,
>AY661192,>AY661209,366,3C.3a,
>AY661192,>AF092062,10,3C.3a,
>AY661192,>AY661159,320,3C.3a,
>AY661192,>AY661198,191,3C.3a,
>AY661172,>AY661066,160,3C.3a,
>AY661172,>AY661183,3200,3C.3a,
>AY661172,>AF008828,1120,3C.3a,
>AY661172,>AY661180,3200,3C.3a,
>AY661172,>AY661098,160,3C.3a,
>AY661172,>AY661192,1280,3C.3a,
>AY661172,>AY661020,480,3C.3a,
>AY661172,>AY661159,2560,3C.3a,
>AY661105,>AY661066,640,3C.2,
>AY661105,>AY661053,320,3C.2,
>AY661105,>AY661183,40,3C.2,
>AY661105,>AY661192,10,3C.2,
>AY661105,>AY661054,320,3C.2,
>AY661105,>AY661067,1280,3C.2,
>AY661105,>AY661159,35,3C.2,
>AY661105,>AY661073,1280,3C.2,
>AY661105,>AY661050,120,3C.2,
>CY113277,>CY114429,1280,3C.3a,
>CY113277,>AY661054,2560,3C.3a,
>CY113277,>U08858,2560,3C.3a,
>CY113277,>AY661050,5120,3C.3a,
>AY661106,>AY661066,1280,3C.2,
>AY661106,>AY661053,640,3C.2,
>AY661106,>AY661183,25,3C.2,
>AY661106,>AY661192,10,3C.2,
>AY661106,>AF008725,10,3C.2,
>AY661106,>AY661054,640,3C.2,
>AY661106,>AY661067,2560,3C.2,
>AY661106,>AY661159,20,3C.2,
>AY661106,>AY661073,2560,3C.2,
>AY661106,>AY661050,320,3C.2,
>AY661107,>AY661066,2560,3C.2,
>AY661107,>AY661053,320,3C.2,
>AY661107,>AY661183,50,3C.2,
>AY661107,>AY661180,40,3C.2,
>AY661107,>AY661192,35,3C.2,
>AY661107,>AF008725,10,3C.2,
>AY661107,>AY661054,640,3C.2,
>AY661107,>AY661067,2560,3C.2,
>AY661107,>AY661159,50,3C.2,
>AY661107,>AY661073,2560,3C.2,
>AY661107,>AY661050,160,3C.2,
>AY661168,>AY661066,58,3C.3a,
>AY661168,>AY661183,1600,3C.3a,
>AY661168,>AY661180,223,3C.3a,
>AY661168,>AY661098,44,3C.3a,
>AY661168,>AY661192,160,3C.3a,
>AY661168,>AY661151,80,3C.3a,
>AY661168,>AY661181,932,3C.3a,
>AY661168,>AY661020,70,3C.3a,
>AY661168,>AY661174,1280,3C.3a,
>AY661168,>AY661159,789,3C.3a,
>AY661143,>AY661066,1280,3C.3a,
>AY661143,>AY661098,2560,3C.3a,
>AY661143,>AY661054,640,3C.3a,
>AY661143,>AY661067,2560,3C.3a,
>AY661143,>AY661159,20,3C.3a,
>AY661143,>AY661073,2560,3C.3a,
>AY661144,>AY661045,10,3C.3a,
>AY661144,>AF180643,160,3C.3a,
>AY661144,>AY661066,65,3C.3a,
>AY661144,>AY661041,10,3C.3a,
>AY661144,>AY661042,10,3C.3a,
>AY661144,>AY661197,160,3C.3a,
>AY661144,>AY661183,640,3C.3a,
>AY661144,>AF008828,160,3C.3a,
>AY661144,>AY661182,366,3C.3a,
>AY661144,>AY661180,718,3C.3a,
>AY661144,>AY661098,40,3C.3a,
>AY661144,>AY661192,160,3C.3a,
>AY661144,>AY661151,101,3C.3a,
>AY661144,>AF008725,80,3C.3a,
>AY661144,>AY661181,1993,3C.3a,
>AY661144,>AY661047,10,3C.3a,
>AY661144,>AY661025,10,3C.3a,
>AY661144,>AY661048,10,3C.3a,
>AY661144,>AY661049,10,3C.3a,
>AY661144,>AY661054,57,3C.3a,
>AY661144,>AY661209,160,3C.3a,
>AY661144,>AY661067,320,3C.3a,
>AY661144,>AY661174,1522,3C.3a,
>AY661144,>AY661046,10,3C.3a,
>AY661144,>AY661159,2551,3C.3a,
>AY661144,>AY661198,45,3C.3a,
>AY661144,>AY661052,10,3C.3a,
>AY661144,>AY661073,40,3C.3a,
>AY661145,>AY661066,80,3C.3a,
>AY661145,>AY661183,1280,3C.3a,
>AY661145,>AF008828,1920,3C.3a,
>AY661145,>AY661180,1120,3C.3a,
>AY661145,>AY661098,40,3C.3a,
>AY661145,>AY661192,480,3C.3a,
>AY661145,>AY661020,320,3C.3a,
>AY661145,>AY661054,80,3C.3a,
>AY661145,>AY661067,320,3C.3a,
>AY661145,>AY661159,1600,3C.3a,
>AY661145,>AY661073,40,3C.3a,
>AY661142,>AY661066,320,3C.3a,
>AY661142,>AY661098,1280,3C.3a,
>AY661142,>AY661192,10,3C.3a,
>AY661142,>AY661054,320,3C.3a,
>AY661142,>AY661067,1280,3C.3a,
>AY661142,>AY661159,60,3C.3a,
>AY661142,>AY661073,1280,3C.3a,
>AY661079,>AY661066,1280,3C.3a,
>AY661079,>AY661053,640,3C.3a,
>AY661079,>AY661183,40,3C.3a,
>AY661079,>AY661192,10,3C.3a,
>AY661079,>AY661054,403,3C.3a,
>AY661079,>AY661067,4064,3C.3a,
>AY661079,>AY661159,40,3C.3a,
>AY661079,>AY661073,2560,3C.3a,
>AY661079,>AY661050,320,3C.3a,
>AY661147,>AY661066,80,3C.3a,
>AY661147,>AY661183,7680,3C.3a,
>AY661147,>AF008828,7680,3C.3a,
>AY661147,>AY661180,7680,3C.3a,
>AY661147,>AY661098,40,3C.3a,
>AY661147,>AY661192,960,3C.3a,
>AY661147,>AY661020,640,3C.3a,
>AY661147,>AY661054,80,3C.3a,
>AY661147,>AY661067,320,3C.3a,
>AY661147,>AY661159,2560,3C.3a,
>AY661147,>AY661073,40,3C.3a,
>AY661148,>AY661066,80,,
>AY661148,>AY661183,560,,
>AY661148,>AF008828,80,,
>AY661148,>AY661180,240,,
>AY661148,>AY661098,20,,
>AY661148,>AY661192,40,,
>AY661148,>AY661020,25,,
>AY661148,>AY661054,80,,
>AY661148,>AY661067,320,,
>AY661148,>AY661159,1920,,
>AY661148,>AY661073,40,,
>AY661151,>AY661045,10,,
>AY661151,>AY661066,80,,
>AY661151,>AY661041,10,,
>AY661151,>AY661042,10,,
>AY661151,>AY661183,480,,
>AY661151,>AF008828,309,,
>AY661151,>AY661180,338,,
>AY661151,>AY661098,29,,
>AY661151,>AY661192,1600,,
>AY661151,>AY661151,1076,,
>AY661151,>AY661181,160,,
>AY661151,>AY661020,1600,,
>AY661151,>AY661047,10,,
>AY661151,>AY661025,10,,
>AY661151,>AY661048,10,,
>AY661151,>AY661049,10,,
>AY661151,>AY661054,40,,
>AY661151,>AY661174,80,,
>AY661151,>AY661046,10,,
>AY661151,>AY661159,233,,
>AY661151,>AY661052,10,,
>AY661151,>AY661073,10,,
>AY661117,>AY661066,640,3C.3a,
>AY661117,>AY661053,1280,3C.3a,
>AY661117,>AY661183,40,3C.3a,
>AY661117,>AY661180,40,3C.3a,
>AY661117,>AY661192,20,3C.3a,
>AY661117,>AF008725,18,3C.3a,
>AY661117,>AY661054,640,3C.3a,
>AY661117,>AY661067,2560,3C.3a,
>AY661117,>AY661159,80,3C.3a,
>AY661117,>AY661073,1280,3C.3a,
>AY661117,>AY661050,160,3C.3a,
>AY661069,>AY661066,160,3C.3a,
>AY661069,>AF008665,10240,3C.3a,
>AY661069,>AY661049,160,3C.3a,
>AY661069,>AY661054,5120,3C.3a,
>AY661069,>AY661067,10240,3C.3a,
>AY661069,>AY661073,320,3C.3a,
>AY661069,>AF008888,905,3C.3a,
>AY661069,>AY661050,1280,3C.3a,
>AY661070,>AY661053,5120,3C.3a,
>AY661070,>AY661049,160,3C.3a,
>AY661070,>AY661054,2560,3C.3a,
>AY661070,>AY661067,10240,3C.3a,
>AY661070,>AF008888,1280,3C.3a,
>AY661070,>AY661050,2560,3C.3a,
>AF008725,>AF180643,55,3C.3a,
>AF008725,>AF008828,85,3C.3a,
>AF008725,>AY661182,413,3C.3a,
>AF008725,>AF201874,10,3C.3a,
>AF008725,>AY661098,98,3C.3a,
>AF008725,>AF008725,613,3C.3a,
>AF008725,>AY661181,140,3C.3a,
>AF008725,>AY661209,1817,3C.3a,
>AF008725,>AF092062,10,3C.3a,
>AF008725,>AY661159,420,3C.3a,
>AF008725,>AY661198,1600,3C.3a,
>AY661210,>AF180643,640,,
>AY661210,>AY661197,462,,
>AY661210,>AY661180,160,,
>AY661210,>AY661192,320,,
>AY661210,>AF008725,320,,
>AY661210,>AY661181,109,,
>AY661210,>AY661209,923,,
>AY661210,>AY661198,640,,
>AY661113,>AY661066,1280,3C.3a,
>AY661113,>AY661053,320,3C.3a,
>AY661113,>AY661183,40,3C.3a,
>AY661113,>AY661180,10,3C.3a,
>AY661113,>AY661192,10,3C.3a,
>AY661113,>AY661054,320,3C.3a,
>AY661113,>AY661067,2560,3C.3a,
>AY661113,>AY661159,40,3C.3a,
>AY661113,>AY661073,2560,3C.3a,
>AY661113,>AY661050,160,3C.3a,
>AY661114,>AY661066,1280,3C.3a,
>AY661114,>AY661053,640,3C.3a,
>AY661114,>AY661183,40,3C.3a,
>AY661114,>AY661180,20,3C.3a,
>AY661114,>AY661192,10,3C.3a,
>AY661114,>AY661054,640,3C.3a,
>AY661114,>AY661067,2560,3C.3a,
>AY661114,>AY661159,40,3C.3a,
>AY661114,>AY661073,2560,3C.3a,
>AY661114,>AY661050,320,3C.3a,
>AY661031,>KM821324,320,3C.2,
>AY661031,>AF008828,25,3C.2,
>AY661031,>AY661192,37,3C.2,
>AY661031,>AF008725,166,3C.2,
>AY661031,>AY661031,640,3C.2,
>AY661031,>AY661022,480,3C.2,
>AY661031,>AY661023,320,3C.2,
>AY661031,>AY661024,480,3C.2,
>AY661031,>AY661034,560,3C.2,
>AY661031,>KM821317,320,3C.2,
>AY661031,>AY661159,40,3C.2,
>AY661031,>AY661198,15,3C.2,
>AY661181,>AY661045,10,3C.3a,
>AY661181,>AY661066,10,3C.3a,
>AY661181,>AY661041,10,3C.3a,
>AY661181,>AY661042,10,3C.3a,
>AY661181,>AY661197,113,3C.3a,
>AY661181,>AY661183,1613,3C.3a,
>AY661181,>AF008828,1402,3C.3a,
>AY661181,>AY661182,2833,3C.3a,
>AY661181,>AF201874,10,3C.3a,
>AY661181,>AY661180,1483,3C.3a,
>AY661181,>AY661098,74,3C.3a,
>AY661181,>AY661192,529,3C.3a,
>AY661181,>AY661151,453,3C.3a,
>AY661181,>AY661181,4318,3C.3a,
>AY661181,>AY661020,560,3C.3a,
>AY661181,>AY661047,10,3C.3a,
>AY661181,>AY661025,10,3C.3a,
>AY661181,>AY661048,10,3C.3a,
>AY661181,>AY661049,10,3C.3a,
>AY661181,>AY661054,10,3C.3a,
>AY661181,>AY661209,101,3C.3a,
>AY661181,>AY661174,1301,3C.3a,
>AY661181,>AF092062,10,3C.3a,
>AY661181,>AY661046,10,3C.3a,
>AY661181,>AY661159,1260,3C.3a,
>AY661181,>AY661052,10,3C.3a,
>AY661181,>AY661073,10,3C.3a,
>AY661139,>AY661066,80,3C.3a,
>AY661139,>AY661183,320,3C.3a,
>AY661139,>AF008828,40,3C.3a,
>AY661139,>AY661180,120,3C.3a,
>AY661139,>AY661098,40,3C.3a,
>AY661139,>AY661192,80,3C.3a,
>AY661139,>AY661020,30,3C.3a,
>AY661139,>AY661054,160,3C.3a,
>AY661139,>AY661067,320,3C.3a,
>AY661139,>AY661159,800,3C.3a,
>AY661139,>AY661073,40,3C.3a,
>AY661140,>AY661066,80,,
>AY661140,>AY661183,480,,
>AY661140,>AF008828,90,,
>AY661140,>AY661180,240,,
>AY661140,>AY661098,40,,
>AY661140,>AY661192,90,,
>AY661140,>AY661020,35,,
>AY661140,>AY661054,80,,
>AY661140,>AY661067,320,,
>AY661140,>AY661159,1120,,
>AY661140,>AY661073,40,,
>AY661022,>AY661031,1280,3C.2,
>AY661022,>AY661022,2933,3C.2,
>AY661022,>AY661023,3840,3C.2,
>AY661022,>AY661024,2024,3C.2,
>AY661022,>KM821317,3387,3C.2,
>AY661030,>AY661031,1920,3C.2,
>AY661030,>AY661022,1920,3C.2,
>AY661030,>AY661024,1920,3C.2,
>AY661030,>KM821317,1920,3C.2,
>AY661023,>KM821324,640,3C.2,
>AY661023,>AF008828,25,3C.2,
>AY661023,>AY661192,80,3C.2,
>AY661023,>AF008725,160,3C.2,
>AY661023,>AY661022,1440,3C.2,
>AY661023,>AY661023,1011,3C.2,
>AY661023,>AY661024,960,3C.2,
>AY661023,>AY661034,640,3C.2,
>AY661023,>KM821317,640,3C.2,
>AY661023,>AY661198,40,3C.2,
>AY661024,>AY661031,960,3C.2,
>AY661024,>AY661022,1339,3C.2,
>AY661024,>AY661023,1440,3C.2,
>AY661024,>AY661024,1358,3C.2,
>AY661024,>KM821317,847,3C.2,
>AY661141,>AY661066,80,3C.3a,
>AY661141,>AY661183,360,3C.3a,
>AY661141,>AF008828,60,3C.3a,
>AY661141,>AY661180,160,3C.3a,
>AY661141,>AY661098,40,3C.3a,
>AY661141,>AY661192,23,3C.3a,
>AY661141,>AY661020,18,3C.3a,
>AY661141,>AY661054,160,3C.3a,
>AY661141,>AY661067,320,3C.3a,
>AY661141,>AY661159,640,3C.3a,
>AY661141,>AY661073,40,3C.3a,
>AY661146,>AY661066,320,3C.3a,
>AY661146,>AY661183,10,3C.3a,
>AY661146,>AY661098,640,3C.3a,
>AY661146,>AY661054,160,3C.3a,
>AY661146,>AY661067,640,3C.3a,
>AY661146,>AY661159,40,3C.3a,
>AY661146,>AY661073,640,3C.3a,
>AY661133,>AY661066,320,,
>AY661133,>AY661098,80,,
>AY661133,>AY661054,320,,
>AY661133,>AY661067,1280,,
>AY661133,>AY661073,80,,
>AY661149,>AY661066,320,3C.3a,
>AY661149,>AY661098,80,3C.3a,
>AY661149,>AY661054,320,3C.3a,
>AY661149,>AY661067,320,3C.3a,
>AY661149,>AY661073,40,3C.3a,
>AY661020,>AF180643,10,3C.3a,
>AY661020,>AY661183,2880,3C.3a,
>AY661020,>AF201874,10,3C.3a,
>AY661020,>AY661192,733,3C.3a,
>AY661020,>AF008725,69,3C.3a,
>AY661020,>AY661181,63,3C.3a,
>AY661020,>AY661020,400,3C.3a,
>AY661020,>AF092062,10,3C.3a,
>AY661020,>AY661159,3840,3C.3a,
>AY661020,>AY661198,53,3C.3a,
>AY661033,>KM821324,320,3C.2,
>AY661033,>AF008828,100,3C.2,
>AY661033,>AY661192,160,3C.2,
>AY661033,>AF008725,200,3C.2,
>AY661033,>AY661022,2240,3C.2,
>AY661033,>AY661023,2021,3C.2,
>AY661033,>AY661024,1440,3C.2,
>AY661033,>AY661034,1120,3C.2,
>AY661033,>KM821317,1280,3C.2,
>AY661033,>AY661198,160,3C.2,
>AY661047,>AY661045,226,3C.3a,
>AY661047,>CY114429,302,3C.3a,
>AY661047,>AY661066,20,3C.3a,
>AY661047,>AY661041,10,3C.3a,
>AY661047,>AY661042,80,3C.3a,
>AY661047,>AY661053,10240,3C.3a,
>AY661047,>CY121157,15,3C.3a,
>AY661047,>AF201874,10,3C.3a,
>AY661047,>AF008903,640,3C.3a,
>AY661047,>AY661098,10,3C.3a,
>AY661047,>AY661151,10,3C.3a,
>AY661047,>AY661181,10,3C.3a,
>AY661047,>AY661047,2560,3C.3a,
>AY661047,>AY661025,1280,3C.3a,
>AY661047,>AY661048,2560,3C.3a,
>AY661047,>AY661049,1016,3C.3a,
>AY661047,>U08858,844,3C.3a,
>AY661047,>AY661046,5120,3C.3a,
>AY661047,>AY661052,1431,3C.3a,
>AY661047,>AY661073,10,3C.3a,
>AY661047,>AF008888,25,3C.3a,
>AY661047,>AY661050,1280,3C.3a,
>AY661035,>KM821324,8127,3C.2,
>AY661035,>AF008828,10,3C.2,
>AY661035,>AY661192,50,3C.2,
>AY661035,>AF008725,70,3C.2,
>AY661035,>AY661023,1600,3C.2,
>AY661035,>AY661034,5941,3C.2,
>AY661035,>KM821317,1280,3C.2,
>AY661035,>AY661198,25,3C.2,
>AY661036,>KM821324,4064,3C.2,
>AY661036,>AF008828,10,3C.2,
>AY661036,>AY661192,15,3C.2,
>AY661036,>AF008725,15,3C.2,
>AY661036,>AY661023,560,3C.2,
>AY661036,>AY661034,4064,3C.2,
>AY661036,>KM821317,640,3C.2,
>AY661036,>AY661198,10,3C.2,
>AY661034,>KM821324,3225,3C.2,
>AY661034,>AF008828,10,3C.2,
>AY661034,>AY661192,40,3C.2,
>AY661034,>AF008725,25,3C.2,
>AY661034,>AY661022,70,3C.2,
>AY661034,>AY661024,80,3C.2,
>AY661034,>AY661034,3225,3C.2,
>AY661034,>KM821317,113,3C.2,
>AY661034,>AY661198,15,3C.2,
>AY661037,>KM821324,6709,3C.2,
>AY661037,>AF008828,10,3C.2,
>AY661037,>AY661192,60,3C.2,
>AY661037,>AF008725,50,3C.2,
>AY661037,>AY661022,960,3C.2,
>AY661037,>AY661023,504,3C.2,
>AY661037,>AY661024,280,3C.2,
>AY661037,>AY661034,5941,3C.2,
>AY661037,>KM821317,392,3C.2,
>AY661037,>AY661198,30,3C.2,
>AY661025,>AY661045,226,3C.3a,
>AY661025,>AY661066,20,3C.3a,
>AY661025,>AY661041,10,3C.3a,
>AY661025,>AY661042,10,3C.3a,
>AY661025,>AY661053,2560,3C.3a,
>AY661025,>AY661098,10,3C.3a,
>AY661025,>AY661151,10,3C.3a,
>AY661025,>AY661181,10,3C.3a,
>AY661025,>AY661047,1280,3C.3a,
>AY661025,>AY661025,2560,3C.3a,
>AY661025,>AY661048,5120,3C.3a,
>AY661025,>AY661049,2560,3C.3a,
>AY661025,>AY661054,40,3C.3a,
>AY661025,>AY661046,1280,3C.3a,
>AY661025,>AY661052,905,3C.3a,
>AY661025,>AY661073,10,3C.3a,
>AY661025,>AF008888,40,3C.3a,
>AY661025,>AY661050,960,3C.3a,
>AY661048,>AY661045,172,,
>AY661048,>AY661066,35,,
>AY661048,>AY661041,10,,
>AY661048,>AY661042,10,,
>AY661048,>AY661053,3620,,
>AY661048,>AY661098,10,,
>AY661048,>AY661151,10,,
>AY661048,>AY661181,10,,
>AY661048,>AY661047,2560,,
>AY661048,>AY661025,1280,,
>AY661048,>AY661048,2560,,
>AY661048,>AY661049,1280,,
>AY661048,>AY661054,80,,
>AY661048,>AY661046,640,,
>AY661048,>AY661052,1280,,
>AY661048,>AY661073,10,,
>AY661048,>AF008888,40,,
>AY661048,>AY661050,1280,,
>AY661160,>AY661045,10,3C.3a,
>AY661160,>AF180643,160,3C.3a,
>AY661160,>AY661066,78,3C.3a,
>AY661160,>AY661041,10,3C.3a,
>AY661160,>AY661042,10,3C.3a,
>AY661160,>AY661197,269,3C.3a,
>AY661160,>AY661183,1280,3C.3a,
>AY661160,>AF008828,1280,3C.3a,
>AY661160,>AY661182,1280,3C.3a,
>AY661160,>AY661098,48,3C.3a,
>AY661160,>AY661192,320,3C.3a,
>AY661160,>AY661151,453,3C.3a,
>AY661160,>AF008725,73,3C.3a,
>AY661160,>AY661181,3836,3C.3a,
>AY661160,>AY661047,10,3C.3a,
>AY661160,>AY661025,10,3C.3a,
>AY661160,>AY661048,10,3C.3a,
>AY661160,>AY661049,10,3C.3a,
>AY661160,>AY661054,40,3C.3a,
>AY661160,>AY661209,160,3C.3a,
>AY661160,>AY661174,1884,3C.3a,
>AY661160,>AY661046,10,3C.3a,
>AY661160,>AY661159,2032,3C.3a,
>AY661160,>AY661198,90,3C.3a,
>AY661160,>AY661052,10,3C.3a,
>AY661160,>AY661073,10,3C.3a,
>AY661191,>AY661183,599,3C.3a,
>AY661191,>AF008828,280,3C.3a,
>AY661191,>AY661182,320,3C.3a,
>AY661191,>AY661180,212,3C.3a,
>AY661191,>AY661098,80,3C.3a,
>AY661191,>AY661192,4480,3C.3a,
>AY661191,>AF008725,160,3C.3a,
>AY661191,>AY661181,320,3C.3a,
>AY661191,>AY661020,3840,3C.3a,
>AY661191,>AY661159,70,3C.3a,
>AY661021,>AY661180,25,3C.2,
>AY661021,>AY661192,35,3C.2,
>AY661021,>AF008725,320,3C.2,
>AY661021,>AY661209,80,3C.2,
>AY661021,>AY661159,20,3C.2,
>AY661131,>AY661066,160,,
>AY661131,>AY661183,2240,,
>AY661131,>AF008828,2240,,
>AY661131,>AY661180,876,,
>AY661131,>AY661098,160,,
>AY661131,>AY661192,253,,
>AY661131,>AF008725,20,,
>AY661131,>AY661020,280,,
>AY661131,>AY661054,320,,
>AY661131,>AY661067,640,,
>AY661131,>AY661159,1693,,
>AY661131,>AY661073,80,,
>AY661205,>AF180643,3880,3C.2,
>AY661205,>AY661066,10,3C.2,
>AY661205,>AY661197,115,3C.2,
>AY661205,>AF008828,10,3C.2,
>AY661205,>AF201874,10,3C.2,
>AY661205,>AY661180,10,3C.2,
>AY661205,>AY661192,63,3C.2,
>AY661205,>AY661209,211,3C.2,
>AY661205,>AF092062,10,3C.2,
>AY661205,>AY661198,48,3C.2,
>AY661026,>AY661031,1280,3C.2,
>AY661026,>AY661022,1920,3C.2,
>AY661026,>AY661024,2560,3C.2,
>AY661026,>AY661209,320,3C.2,
>AY661026,>KM821317,1280,3C.2,
>AY661049,>CY114429,40,3C.3a,
>AY661049,>AY661066,25,3C.3a,
>AY661049,>AY661041,10,3C.3a,
>AY661049,>AY661042,10,3C.3a,
>AY661049,>AY661053,8868,3C.3a,
>AY661049,>AY661098,10,3C.3a,
>AY661049,>AY661151,10,3C.3a,
>AY661049,>AY661181,10,3C.3a,
>AY661049,>AY661047,640,3C.3a,
>AY661049,>AY661025,320,3C.3a,
>AY661049,>AY661048,1280,3C.3a,
>AY661049,>AY661049,1810,3C.3a,
>AY661049,>AY661054,320,3C.3a,
>AY661049,>U08858,1280,3C.3a,
>AY661049,>AY661046,320,3C.3a,
>AY661049,>AY661052,1431,3C.3a,
>AY661049,>AY661073,10,3C.3a,
>AY661049,>AF008888,113,3C.3a,
>AY661049,>AY661050,2395,3C.3a,
>CY113333,>CY114429,40,,
>CY113333,>AF008903,320,,
>CY113333,>AY661048,160,,
>CY113333,>CY113333,1280,,
>CY113333,>AY661054,1280,,
>CY113333,>U08858,160,,
>CY113333,>AY661050,2560,,
>AY661162,>AY661066,80,3C.3a,
>AY661162,>AY661183,2560,3C.3a,
>AY661162,>AF008828,480,3C.3a,
>AY661162,>AY661180,800,3C.3a,
>AY661162,>AY661098,40,3C.3a,
>AY661162,>AY661192,320,3C.3a,
>AY661162,>AY661020,80,3C.3a,
>AY661162,>AY661159,1920,3C.3a,
>AY661164,>AY661066,40,,
>AY661164,>AY661183,554,,
>AY661164,>AF008828,1920,,
>AY661164,>AY661180,1120,,
>AY661164,>AY661098,20,,
>AY661164,>AY661192,212,,
>AY661164,>AY661151,160,,
>AY661164,>AF008725,20,,
>AY661164,>AY661020,140,,
>AY661164,>AY661159,701,,
>AY661163,>AY661066,80,3C.3a,
>AY661163,>AY661183,480,3C.3a,
>AY661163,>AF008828,200,3C.3a,
>AY661163,>AY661180,320,3C.3a,
>AY661163,>AY661098,40,3C.3a,
>AY661163,>AY661192,1280,3C.3a,
>AY661163,>AY661151,640,3C.3a,
>AY661163,>AY661020,1280,3C.3a,
>AY661163,>AY661159,306,3C.3a,
>AY661166,>AY661066,160,3C.3a,
>AY661166,>AY661183,1600,3C.3a,
>AY661166,>AF008828,2240,3C.3a,
>AY661166,>AY661180,1120,3C.3a,
>AY661166,>AY661098,80,3C.3a,
>AY661166,>AY661192,1120,3C.3a,
>AY661166,>AY661020,640,3C.3a,
>AY661166,>AY661159,2240,3C.3a,
>AY661167,>AY661066,80,,
>AY661167,>AY661183,400,,
>AY661167,>AF008828,70,,
>AY661167,>AY661180,240,,
>AY661167,>AY661098,40,,
>AY661167,>AY661192,280,,
>AY661167,>AY661151,320,,
>AY661167,>AY661020,560,,
>AY661167,>AY661159,423,,
>AY661206,>AF180643,3413,,
>AY661206,>AF201874,10,,
>AY661206,>AF008725,640,,
>AY661206,>AF092062,10,,
>AY661206,>AY661198,67,,
>AY661207,>AF180643,2560,3C.2,
>AY661207,>AF201874,10,3C.2,
>AY661207,>AF008725,30,3C.2,
>AY661207,>AY661209,115,3C.2,
>AY661207,>AF092062,10,3C.2,
>AY661207,>AY661198,30,3C.2,
>AY661165,>AY661066,139,3C.2,
>AY661165,>AY661183,1920,3C.2,
>AY661165,>AF008828,320,3C.2,
>AY661165,>AY661180,560,3C.2,
>AY661165,>AY661098,40,3C.2,
>AY661165,>AY661192,320,3C.2,
>AY661165,>AY661020,80,3C.2,
>AY661165,>AY661159,3200,3C.2,
>AY661054,>AY661045,40,3C.3a,
>AY661054,>CY114429,18,3C.3a,
>AY661054,>AY661066,345,3C.3a,
>AY661054,>AY661041,10,3C.3a,
>AY661054,>AY661042,10,3C.3a,
>AY661054,>AY661053,4661,3C.3a,
>AY661054,>AF008665,10240,3C.3a,
>AY661054,>AY661098,320,3C.3a,
>AY661054,>AY661151,10,3C.3a,
>AY661054,>AY661181,10,3C.3a,
>AY661054,>AY661047,10,3C.3a,
>AY661054,>AY661025,10,3C.3a,
>AY661054,>AY661048,10,3C.3a,
>AY661054,>AY661049,556,3C.3a,
>AY661054,>AY661054,5653,3C.3a,
>AY661054,>AY661067,10240,3C.3a,
>AY661054,>U08858,65,3C.3a,
>AY661054,>AY661046,10,3C.3a,
>AY661054,>AY661052,1280,3C.3a,
>AY661054,>AY661073,1076,3C.3a,
>AY661054,>AF008888,890,3C.3a,
>AY661054,>AY661050,2774,3C.3a,
>AY661208,>KM821324,80,,
>AY661208,>AF008725,960,,
>AY661208,>AY661034,320,,
>AY661208,>KM821317,1280,,
>AY661209,>AF180643,79,,
>AY661209,>AY661197,1280,,
>AY661209,>AY661183,1120,,
>AY661209,>KM821324,10,,
>AY661209,>AF008828,99,,
>AY661209,>AF201874,10,,
>AY661209,>AY661180,400,,
>AY661209,>AY661192,422,,
>AY661209,>AF008725,384,,
>AY661209,>AY661181,160,,
>AY661209,>AY661023,30,,
>AY661209,>AY661020,640,,
>AY661209,>AY661034,10,,
>AY661209,>AY661209,3056,,
>AY661209,>AF092062,10,,
>AY661209,>AY661159,480,,
>AY661209,>AY661198,2104,,
>AY661067,>AY661045,40,3C.3a,
>AY661067,>AY661066,400,3C.3a,
>AY661067,>AY661041,10,3C.3a,
>AY661067,>AY661042,10,3C.3a,
>AY661067,>AY661053,2560,3C.3a,
>AY661067,>AF008665,10240,3C.3a,
>AY661067,>AY661098,640,3C.3a,
>AY661067,>AY661151,10,3C.3a,
>AY661067,>AY661181,10,3C.3a,
>AY661067,>AY661047,10,3C.3a,
>AY661067,>AY661025,10,3C.3a,
>AY661067,>AY661048,10,3C.3a,
>AY661067,>AY661049,453,3C.3a,
>AY661067,>AY661054,2560,3C.3a,
>AY661067,>AY661067,20480,3C.3a,
>AY661067,>AY661046,10,3C.3a,
>AY661067,>AY661052,905,3C.3a,
>AY661067,>AY661073,320,3C.3a,
>AY661067,>AF008888,1280,3C.3a,
>AY661067,>AY661050,2217,3C.3a,
>AY661068,>AY661053,320,3C.3a,
>AY661068,>AF008665,10240,3C.3a,
>AY661068,>AY661049,160,3C.3a,
>AY661068,>AY661054,1280,3C.3a,
>AY661068,>AY661067,5120,3C.3a,
>AY661068,>AF008888,80,3C.3a,
>AY661068,>AY661050,1016,3C.3a,
>AY661029,>AY661053,254,,
>AY661029,>AF008665,2560,,
>AY661029,>AY661049,113,,
>AY661029,>AY661054,1280,,
>AY661029,>AY661067,5120,,
>AY661029,>AF008888,28,,
>AY661029,>AY661050,640,,
>AY661078,>AY661066,1280,3C.3a,
>AY661078,>AY661053,640,3C.3a,
>AY661078,>AY661183,40,3C.3a,
>AY661078,>AY661192,10,3C.3a,
>AY661078,>AY661054,1280,3C.3a,
>AY661078,>AY661067,2560,3C.3a,
>AY661078,>AY661159,40,3C.3a,
>AY661078,>AY661073,2560,3C.3a,
>AY661078,>AY661050,320,3C.3a,
>AY661080,>AY661066,1280,,
>AY661080,>AY661053,640,,
>AY661080,>AY661180,15,,
>AY661080,>AY661192,20,,
>AY661080,>AF008725,18,,
>AY661080,>AY661054,640,,
>AY661080,>AY661067,2560,,
>AY661080,>AY661159,60,,
>AY661080,>AY661073,1280,,
>AY661080,>AY661050,320,,
>AY661108,>AY661066,1280,3C.3a,
>AY661108,>AY661053,320,3C.3a,
>AY661108,>AY661183,20,3C.3a,
>AY661108,>AY661180,18,3C.3a,
>AY661108,>AY661192,30,3C.3a,
>AY661108,>AY661054,320,3C.3a,
>AY661108,>AY661067,1280,3C.3a,
>AY661108,>AY661159,40,3C.3a,
>AY661108,>AY661073,1280,3C.3a,
>AY661108,>AY661050,160,3C.3a,
>CY113669.1,>AY661066,1280,,
>CY113669.1,>AY661053,640,,
>CY113669.1,>AY661183,40,,
>CY113669.1,>AY661180,20,,
>CY113669.1,>AY661192,12,,
>CY113669.1,>AY661054,640,,
>CY113669.1,>AY661067,3620,,
>CY113669.1,>AY661159,40,,
>CY113669.1,>AY661073,2560,,
>CY113669.1,>AY661050,320,,
>AY661194,>AY661183,784,3C.3a,
>AY661194,>AF008828,720,3C.3a,
>AY661194,>AY661182,1280,3C.3a,
>AY661194,>AY661098,160,3C.3a,
>AY661194,>AY661192,200,3C.3a,
>AY661194,>AY661181,1280,3C.3a,
>AY661194,>AY661020,80,3C.3a,
>AY661194,>AY661159,720,3C.3a,
>AY661097,>AY661066,2560,,
>AY661097,>AY661053,1280,,
>AY661097,>AY661183,40,,
>AY661097,>AY661180,15,,
>AY661097,>AY661192,30,,
>AY661097,>AY661054,1280,,
>AY661097,>AY661067,5120,,
>AY661097,>AY661159,40,,
>AY661097,>AY661073,5120,,
>AY661097,>AY661050,320,,
>AY661125,>AY661066,127,,
>AY661125,>AY661183,70,,
>AY661125,>AF008828,100,,
>AY661125,>AY661180,140,,
>AY661125,>AY661098,127,,
>AY661125,>AY661192,30,,
>AY661125,>AY661151,20,,
>AY661125,>AY661020,18,,
>AY661125,>AY661054,640,,
>AY661125,>AY661067,1280,,
>AY661125,>AY661159,733,,
>AY661125,>AY661073,40,,
>CY114453,>CY114429,20,3C.3a,
>CY114453,>AY661053,640,3C.3a,
>CY114453,>AF008665,80,3C.3a,
>CY114453,>AY661049,243,3C.3a,
>CY114453,>AY661054,905,3C.3a,
>CY114453,>AY661067,2560,3C.3a,
>CY114453,>U08858,46,3C.3a,
>CY114453,>AF008888,1114,3C.3a,
>CY114453,>AY661050,254,3C.3a,
>AY661016,>CY114429,640,,
>AY661016,>AY661054,1280,,
>AY661016,>U08858,2560,,
>AY661016,>AY661050,2560,,
>AF368444,>AY661183,1120,,
>AF368444,>AF008828,70,,
>AF368444,>AY661180,160,,
>AF368444,>AY661192,402,,
>AF368444,>AF008725,320,,
>AF368444,>AY661181,80,,
>AF368444,>AY661020,1120,,
>AF368444,>AY661159,560,,
>AY661173,>AY661066,80,,
>AY661173,>AY661183,3200,,
>AY661173,>AF008828,2560,,
>AY661173,>AY661180,2560,,
>AY661173,>AY661098,20,,
>AY661173,>AY661192,640,,
>AY661173,>AY661020,400,,
>AY661173,>AY661159,4480,,
>AY661174,>AY661066,50,,
>AY661174,>AY661183,1440,,
>AY661174,>AF008828,58,,
>AY661174,>AY661180,315,,
>AY661174,>AY661098,80,,
>AY661174,>AY661192,70,,
>AY661174,>AY661151,50,,
>AY661174,>AY661181,1280,,
>AY661174,>AY661020,20,,
>AY661174,>AY661174,1280,,
>AY661174,>AY661159,1115,,
>AF368446,>AY661183,560,,
>AF368446,>AF008828,60,,
>AF368446,>AY661180,240,,
>AF368446,>AY661192,368,,
>AF368446,>AF008725,640,,
>AF368446,>AY661181,160,,
>AF368446,>AY661020,320,,
>AF368446,>AY661159,320,,
>AY661118,>AY661066,2560,3C.2,
>AY661118,>AY661053,2560,3C.2,
>AY661118,>AY661183,40,3C.2,
>AY661118,>AY661180,20,3C.2,
>AY661118,>AY661192,10,3C.2,
>AY661118,>AY661054,1280,3C.2,
>AY661118,>AY661067,10240,3C.2,
>AY661118,>AY661159,25,3C.2,
>AY661118,>AY661073,5120,3C.2,
>AY661118,>AY661050,640,3C.2,
>AY661132,>AY661066,320,3C.2,
>AY661132,>AY661098,1280,3C.2,
>AY661132,>AY661054,640,3C.2,
>AY661132,>AY661067,2560,3C.2,
>AY661132,>AY661073,640,3C.2,
>AY661082,>AY661066,1280,,
>AY661082,>AY661053,640,,
>AY661082,>AY661183,35,,
>AY661082,>AY661180,10,,
>AY661082,>AY661192,20,,
>AY661082,>AY661054,320,,
>AY661082,>AY661067,2560,,
>AY661082,>AY661159,25,,
>AY661082,>AY661073,2560,,
>AY661082,>AY661050,160,,
>AY661083,>AY661066,2560,,
>AY661083,>AY661053,320,,
>AY661083,>AY661183,35,,
>AY661083,>AY661180,10,,
>AY661083,>AY661192,12,,
>AY661083,>AY661054,320,,
>AY661083,>AY661067,2560,,
>AY661083,>AY661159,20,,
>AY661083,>AY661073,2560,,
>AY661083,>AY661050,160,,
>AY661084,>AY661066,640,,
>AY661084,>AY661053,320,,
>AY661084,>AY661183,18,,
>AY661084,>AY661192,10,,
>AY661084,>AY661054,320,,
>AY661084,>AY661067,2560,,
>AY661084,>AY661159,20,,
>AY661084,>AY661073,1280,,
>AY661084,>AY661050,160,,
>AY661085,>AY661066,640,,
>AY661085,>AY661053,320,,
>AY661085,>AY661180,20,,
>AY661085,>AY661192,30,,
>AY661085,>AF008725,50,,
>AY661085,>AY661054,640,,
>AY661085,>AY661067,1280,,
>AY661085,>AY661159,80,,
>AY661085,>AY661073,1280,,
>AY661085,>AY661050,160,,
>AY661086,>AY661066,640,,
>AY661086,>AY661053,320,,
>AY661086,>AY661183,40,,
>AY661086,>AY661192,10,,
>AY661086,>AF008725,10,,
>AY661086,>AY661054,320,,
>AY661086,>AY661067,2560,,
>AY661086,>AY661159,40,,
>AY661086,>AY661073,1280,,
>AY661086,>AY661050,80,,
>AY661087,>AY661066,1280,,
>AY661087,>AY661053,640,,
>AY661087,>AY661054,320,,
>AY661087,>AY661067,2560,,
>AY661087,>AY661159,10,,
>AY661087,>AY661073,2560,,
>AY661087,>AY661050,160,,
>AY661088,>AY661066,1280,,
>AY661088,>AY661053,1280,,
>AY661088,>AY661183,20,,
>AY661088,>AY661192,12,,
>AY661088,>AY661054,905,,
>AY661088,>AY661067,5120,,
>AY661088,>AY661159,30,,
>AY661088,>AY661073,2560,,
>AY661088,>AY661050,640,,
>AY661089,>AY661066,1280,,
>AY661089,>AY661053,320,,
>AY661089,>AY661183,40,,
>AY661089,>AY661180,20,,
>AY661089,>AY661192,20,,
>AY661089,>AY661054,320,,
>AY661089,>AY661067,2560,,
>AY661089,>AY661159,35,,
>AY661089,>AY661073,2560,,
>AY661089,>AY661050,160,,
>AY661090,>AY661066,640,,
>AY661090,>AY661053,320,,
>AY661090,>AY661054,160,,
>AY661090,>AY661067,1280,,
>AY661090,>AY661159,20,,
>AY661090,>AY661073,1280,,
>AY661090,>AY661050,80,,
>AY661091,>AY661066,1280,,
>AY661091,>AY661053,160,,
>AY661091,>AY661054,320,,
>AY661091,>AY661067,1280,,
>AY661091,>AY661159,10,,
>AY661091,>AY661073,1280,,
>AY661091,>AY661050,80,,
>AY661092,>AY661066,640,3C.3a,
>AY661092,>AY661053,320,3C.3a,
>AY661092,>AY661183,40,3C.3a,
>AY661092,>AY661180,40,3C.3a,
>AY661092,>AY661192,35,3C.3a,
>AY661092,>AF008725,20,3C.3a,
>AY661092,>AY661054,320,3C.3a,
>AY661092,>AY661067,1280,3C.3a,
>AY661092,>AY661159,60,3C.3a,
>AY661092,>AY661073,1920,3C.3a,
>AY661092,>AY661050,160,3C.3a,
>AY661093,>AY661066,806,3C.3a,
>AY661093,>AY661053,403,3C.3a,
>AY661093,>AY661183,25,3C.3a,
>AY661093,>AY661054,403,3C.3a,
>AY661093,>AY661067,2560,3C.3a,
>AY661093,>AY661159,20,3C.3a,
>AY661093,>AY661073,2560,3C.3a,
>AY661093,>AY661050,202,3C.3a,
>AY661094,>AY661066,640,3C.3a,
>AY661094,>AY661053,160,3C.3a,
>AY661094,>AY661183,25,3C.3a,
>AY661094,>AY661180,18,3C.3a,
>AY661094,>AY661192,15,3C.3a,
>AY661094,>AF008725,10,3C.3a,
>AY661094,>AY661054,160,3C.3a,
>AY661094,>AY661067,640,3C.3a,
>AY661094,>AY661159,35,3C.3a,
>AY661094,>AY661073,1280,3C.3a,
>AY661094,>AY661050,80,3C.3a,
>AY661095,>AY661066,640,,
>AY661095,>AY661053,640,,
>AY661095,>AY661183,18,,
>AY661095,>AY661192,10,,
>AY661095,>AF008725,10,,
>AY661095,>AY661054,640,,
>AY661095,>AY661067,2560,,
>AY661095,>AY661159,40,,
>AY661095,>AY661073,1280,,
>AY661095,>AY661050,320,,
>AF092062,>AF180643,10,3C.2a4,
>AF092062,>CY114429,10,3C.2a4,
>AF092062,>CY121157,640,3C.2a4,
>AF092062,>AF008828,10,3C.2a4,
>AF092062,>AF008665,10,3C.2a4,
>AF092062,>AF201874,68,3C.2a4,
>AF092062,>CY112289,10,3C.2a4,
>AF092062,>AY661180,10,3C.2a4,
>AF092062,>AF008903,10,3C.2a4,
>AF092062,>AY661192,10,3C.2a4,
>AF092062,>AF008725,10,3C.2a4,
>AF092062,>AY661181,10,3C.2a4,
>AF092062,>AY661020,10,3C.2a4,
>AF092062,>AY661209,10,3C.2a4,
>AF092062,>AF092062,1227,3C.2a4,
>AF092062,>AY661198,10,3C.2a4,
>U08858,>AF180643,10,3C.3a,
>U08858,>AY661066,10,3C.3a,
>U08858,>CY121157,10,3C.3a,
>U08858,>AF008828,10,3C.3a,
>U08858,>AF008665,10,3C.3a,
>U08858,>AF201874,10,3C.3a,
>U08858,>CY112289,10,3C.3a,
>U08858,>AY661180,10,3C.3a,
>U08858,>AF008903,226,3C.3a,
>U08858,>AY661192,10,3C.3a,
>U08858,>AF008725,10,3C.3a,
>U08858,>AY661181,10,3C.3a,
>U08858,>AY661020,10,3C.3a,
>U08858,>AY661048,2560,3C.3a,
>U08858,>AY661049,784,3C.3a,
>U08858,>CY113333,640,3C.3a,
>U08858,>AY661054,320,3C.3a,
>U08858,>AY661209,10,3C.3a,
>U08858,>AF092062,10,3C.3a,
>U08858,>AY661198,10,3C.3a,
>U08858,>AY661050,462,3C.3a,
>KM821317,>KM821324,40,3C.2,
>KM821317,>AY661031,2560,3C.2,
>KM821317,>AY661022,2933,3C.2,
>KM821317,>AY661023,2240,3C.2,
>KM821317,>AY661024,2217,3C.2,
>KM821317,>AY661034,320,3C.2,
>KM821317,>KM821317,2189,3C.2,
>AY661112,>AY661066,2560,3C.3a,
>AY661112,>AY661053,640,3C.3a,
>AY661112,>AY661054,640,3C.3a,
>AY661112,>AY661067,1280,3C.3a,
>AY661112,>AY661073,2560,3C.3a,
>AY661112,>AY661050,160,3C.3a,
>AY661046,>AY661045,320,3C.3a,
>AY661046,>CY114429,226,3C.3a,
>AY661046,>AY661066,20,3C.3a,
>AY661046,>AY661041,10,3C.3a,
>AY661046,>AY661042,80,3C.3a,
>AY661046,>AY661053,8095,3C.3a,
>AY661046,>CY121157,10,3C.3a,
>AY661046,>AF201874,10,3C.3a,
>AY661046,>AF008903,960,3C.3a,
>AY661046,>AY661098,10,3C.3a,
>AY661046,>AY661151,10,3C.3a,
>AY661046,>AY661181,10,3C.3a,
>AY661046,>AY661047,5120,3C.3a,
>AY661046,>AY661025,2560,3C.3a,
>AY661046,>AY661048,2560,3C.3a,
>AY661046,>AY661049,1016,3C.3a,
>AY661046,>U08858,842,3C.3a,
>AY661046,>AY661046,2560,3C.3a,
>AY661046,>AY661052,1280,3C.3a,
>AY661046,>AY661073,10,3C.3a,
>AY661046,>AF008888,28,3C.3a,
>AY661046,>AY661050,972,3C.3a,
>AY661012,>AY661045,1280,3C.3a,
>AY661012,>AY661053,40,3C.3a,
>AY661012,>CY121157,320,3C.3a,
>AY661012,>AF201874,60,3C.3a,
>AY661012,>AF092062,320,3C.3a,
>AY661012,>AY661052,20,3C.3a,
>AY661012,>AF008888,20,3C.3a,
>AY661012,>AY661050,40,3C.3a,
>AY661013,>AY661045,2560,3C.3a,
>AY661013,>AY661066,20,3C.3a,
>AY661013,>AY661053,320,3C.3a,
>AY661013,>CY121157,320,3C.3a,
>AY661013,>AF201874,40,3C.3a,
>AY661013,>AF092062,640,3C.3a,
>AY661013,>AY661052,80,3C.3a,
>AY661013,>AF008888,20,3C.3a,
>AY661013,>AY661050,160,3C.3a,
>AY661176,>AY661066,160,,
>AY661176,>AY661183,10240,,
>AY661176,>AF008828,2240,,
>AY661176,>AY661180,5120,,
>AY661176,>AY661098,80,,
>AY661176,>AY661192,960,,
>AY661176,>AY661151,320,,
>AY661176,>AY661020,480,,
>AY661176,>AY661159,2024,,
>AY661127,>AY661066,640,,
>AY661127,>AY661053,320,,
>AY661127,>AY661183,20,,
>AY661127,>AY661054,320,,
>AY661127,>AY661067,640,,
>AY661127,>AY661159,10,,
>AY661127,>AY661073,1280,,
>AY661127,>AY661050,80,,
>AY661177,>AY661066,160,,
>AY661177,>AY661183,7680,,
>AY661177,>AF008828,5120,,
>AY661177,>AY661180,6400,,
>AY661177,>AY661098,80,,
>AY661177,>AY661192,960,,
>AY661177,>AY661151,160,,
>AY661177,>AY661020,480,,
>AY661177,>AY661159,2560,,
>AY661128,>AY661066,640,,
>AY661128,>AY661053,160,,
>AY661128,>AY661183,40,,
>AY661128,>AY661180,20,,
>AY661128,>AY661192,40,,
>AY661128,>AY661054,160,,
>AY661128,>AY661067,640,,
>AY661128,>AY661159,20,,
>AY661128,>AY661073,640,,
>AY661128,>AY661050,80,,
>AY661121,>AY661066,453,3C.3a,
>AY661121,>AY661053,320,3C.3a,
>AY661121,>AY661183,40,3C.3a,
>AY661121,>AY661192,10,3C.3a,
>AY661121,>AY661054,226,3C.3a,
>AY661121,>AY661067,905,3C.3a,
>AY661121,>AY661159,20,3C.3a,
>AY661121,>AY661073,905,3C.3a,
>AY661121,>AY661050,57,3C.3a,
>AY661159,>CY114429,10,,
>AY661159,>CY121157,10,,
>AY661159,>AY661183,640,,
>AY661159,>AY661182,320,,
>AY661159,>AF008665,10,,
>AY661159,>CY112289,10,,
>AY661159,>AY661180,242,,
>AY661159,>AF008903,10,,
>AY661159,>AY661098,40,,
>AY661159,>AY661192,35,,
>AY661159,>AY661151,71,,
>AY661159,>AF008725,20,,
>AY661159,>AY661181,328,,
>AY661159,>AY661174,640,,
>AY661159,>AF092062,10,,
>AY661159,>AY661159,1113,,
>AY661129,>AY661183,480,3C.3a,
>AY661129,>AF008828,80,3C.3a,
>AY661129,>AY661180,160,3C.3a,
>AY661129,>AY661098,40,3C.3a,
>AY661129,>AY661192,35,3C.3a,
>AY661129,>AY661151,40,3C.3a,
>AY661129,>AY661020,10,3C.3a,
>AY661129,>AY661054,10,3C.3a,
>AY661129,>AY661067,40,3C.3a,
>AY661129,>AY661159,1197,3C.3a,
>AY661129,>AY661073,40,3C.3a,
>AY661156,>AY661066,10,,
>AY661156,>AY661183,1920,,
>AY661156,>AF008828,240,,
>AY661156,>AY661180,400,,
>AY661156,>AY661098,10,,
>AY661156,>AY661192,280,,
>AY661156,>AY661020,20,,
>AY661156,>AY661054,10,,
>AY661156,>AY661067,40,,
>AY661156,>AY661159,3200,,
>AY661156,>AY661073,40,,
>AY661074,>AY661066,160,3C.2,
>AY661074,>AY661183,20,3C.2,
>AY661074,>AF008828,20,3C.2,
>AY661074,>AY661180,35,3C.2,
>AY661074,>AY661098,80,3C.2,
>AY661074,>AY661151,40,3C.2,
>AY661074,>AY661054,320,3C.2,
>AY661074,>AY661067,1280,3C.2,
>AY661074,>AY661159,277,3C.2,
>AY661074,>AY661073,40,3C.2,
>AF008886,>CY114429,10,,
>AF008886,>AY661066,67,,
>AF008886,>AY661053,320,,
>AF008886,>CY121157,10,,
>AF008886,>CY112289,10,,
>AF008886,>AY661180,10,,
>AF008886,>AF008903,80,,
>AF008886,>AY661049,160,,
>AF008886,>AY661054,3880,,
>AF008886,>AY661067,640,,
>AF008886,>AF092062,10,,
>AF008886,>AY661073,160,,
>AF008886,>AF008888,320,,
>AF008886,>AY661050,970,,
>Z46413,>AY661183,280,3C.2,
>Z46413,>AF008828,560,3C.2,
>Z46413,>AY661180,320,3C.2,
>Z46413,>AY661098,40,3C.2,
>Z46413,>AY661192,120,3C.2,
>Z46413,>AY661020,50,3C.2,
>Z46413,>AY661174,640,3C.2,
>Z46413,>AY661159,1693,3C.2,
>Z46414,>AY661183,1920,3C.2,
>Z46414,>AF008828,2560,3C.2,
>Z46414,>AY661180,1280,3C.2,
>Z46414,>AY661098,40,3C.2,
>Z46414,>AY661192,480,3C.2,
>Z46414,>AY661020,280,3C.2,
>Z46414,>AY661174,320,3C.2,
>Z46414,>AY661159,1109,3C.2,
>AY661198,>AY661197,694,3C.3a,
>AY661198,>AF008828,106,3C.3a,
>AY661198,>AY661182,226,3C.3a,
>AY661198,>AF201874,10,3C.3a,
>AY661198,>AY661180,247,3C.3a,
>AY661198,>AY661098,57,3C.3a,
>AY661198,>AY661192,488,3C.3a,
>AY661198,>AF008725,431,3C.3a,
>AY661198,>AY661181,128,3C.3a,
>AY661198,>AF092062,10,3C.3a,
>AY661198,>AY661159,1120,3C.3a,
>AY661198,>AY661198,761,3C.3a,
>CY112661,>AY661066,80,,
>CY112661,>AY661183,400,,
>CY112661,>AF008828,140,,
>CY112661,>AY661180,320,,
>CY112661,>AY661098,40,,
>CY112661,>AY661192,800,,
>CY112661,>AY661151,320,,
>CY112661,>AY661020,1600,,
>CY112661,>AY661159,320,,
>AY661211,>AY661066,40,3C.3a,
>AY661211,>AY661183,960,3C.3a,
>AY661211,>AF008828,120,3C.3a,
>AY661211,>AY661180,280,3C.3a,
>AY661211,>AY661098,20,3C.3a,
>AY661211,>AY661192,100,3C.3a,
>AY661211,>AY661151,80,3C.3a,
>AY661211,>AY661020,35,3C.3a,
>AY661211,>AY661159,2024,3C.3a,
>AY661060,>AY661053,640,3C.3a,
>AY661060,>AY661049,160,3C.3a,
>AY661060,>AY661054,1280,3C.3a,
>AY661060,>AY661067,10240,3C.3a,
>AY661060,>AF008888,160,3C.3a,
>AY661060,>AY661050,1280,3C.3a,
>AY661061,>AY661066,320,3C.3a,
>AY661061,>AY661053,2229,3C.3a,
>AY661061,>AF008665,5120,3C.3a,
>AY661061,>AY661049,160,3C.3a,
>AY661061,>AY661054,2229,3C.3a,
>AY661061,>AY661067,10240,3C.3a,
>AY661061,>AY661073,640,3C.3a,
>AY661061,>AF008888,453,3C.3a,
>AY661061,>AY661050,1280,3C.3a,
>AY661062,>AY661053,640,3C.3a,
>AY661062,>AY661049,160,3C.3a,
>AY661062,>AY661054,640,3C.3a,
>AY661062,>AY661067,5120,3C.3a,
>AY661062,>AF008888,320,3C.3a,
>AY661062,>AY661050,640,3C.3a,
>AY661063,>AY661053,806,3C.3a,
>AY661063,>AF008665,2560,3C.3a,
>AY661063,>AY661049,160,3C.3a,
>AY661063,>AY661054,1280,3C.3a,
>AY661063,>AY661067,6451,3C.3a,
>AY661063,>AF008888,1810,3C.3a,
>AY661063,>AY661050,403,3C.3a,
>AY661064,>AY661053,2560,3C.3a,
>AY661064,>AY661049,320,3C.3a,
>AY661064,>AY661054,2560,3C.3a,
>AY661064,>AY661067,10240,3C.3a,
>AY661064,>AF008888,640,3C.3a,
>AY661064,>AY661050,640,3C.3a,
>AY661052,>AY661066,160,3C.3a,
>AY661052,>AY661041,10,3C.3a,
>AY661052,>AY661042,10,3C.3a,
>AY661052,>AY661053,8960,3C.3a,
>AY661052,>AY661098,80,3C.3a,
>AY661052,>AY661151,10,3C.3a,
>AY661052,>AY661181,10,3C.3a,
>AY661052,>AY661047,640,3C.3a,
>AY661052,>AY661025,320,3C.3a,
>AY661052,>AY661048,2560,3C.3a,
>AY661052,>AY661049,2560,3C.3a,
>AY661052,>AY661054,640,3C.3a,
>AY661052,>AY661046,320,3C.3a,
>AY661052,>AY661052,3620,3C.3a,
>AY661052,>AY661073,10,3C.3a,
>AY661052,>AF008888,640,3C.3a,
>AY661052,>AY661050,2560,3C.3a,
>AY661056,>CY114429,40,3C.3a,
>AY661056,>AY661066,320,3C.3a,
>AY661056,>AY661053,5120,3C.3a,
>AY661056,>AF008665,10240,3C.3a,
>AY661056,>AY661049,403,3C.3a,
>AY661056,>AY661067,10240,3C.3a,
>AY661056,>U08858,40,3C.3a,
>AY661056,>AY661073,1280,3C.3a,
>AY661056,>AF008888,1016,3C.3a,
>AY661136,>AY661066,320,3C.3a,
>AY661136,>AY661183,1197,3C.3a,
>AY661136,>AF008828,320,3C.3a,
>AY661136,>AY661180,733,3C.3a,
>AY661136,>AY661098,20,3C.3a,
>AY661136,>AY661192,160,3C.3a,
>AY661136,>AF008725,20,3C.3a,
>AY661136,>AY661020,80,3C.3a,
>AY661136,>AY661054,80,3C.3a,
>AY661136,>AY661067,320,3C.3a,
>AY661136,>AY661159,1693,3C.3a,
>AY661136,>AY661073,40,3C.3a,
>AY661137,>AY661066,1280,3C.2,
>AY661137,>AY661183,20,3C.2,
>AY661137,>AY661180,10,3C.2,
>AY661137,>AY661098,1280,3C.2,
>AY661137,>AY661192,10,3C.2,
>AY661137,>AY661054,2560,3C.2,
>AY661137,>AY661067,640,3C.2,
>AY661137,>AY661159,70,3C.2,
>AY661137,>AY661073,1280,3C.2,
>AY661119,>AY661066,2560,3C.3a,
>AY661119,>AY661053,640,3C.3a,
>AY661119,>AY661183,30,3C.3a,
>AY661119,>AY661192,12,3C.3a,
>AY661119,>AY661054,640,3C.3a,
>AY661119,>AY661067,640,3C.3a,
>AY661119,>AY661159,30,3C.3a,
>AY661119,>AY661073,2560,3C.3a,
>AY661119,>AY661050,160,3C.3a,
>AY661161,>AY661066,183,3C.3a,
>AY661161,>AY661183,2240,3C.3a,
>AY661161,>AF008828,3840,3C.3a,
>AY661161,>AY661180,2395,3C.3a,
>AY661161,>AY661098,92,3C.3a,
>AY661161,>AY661192,453,3C.3a,
>AY661161,>AY661151,453,3C.3a,
>AY661161,>AF008725,80,3C.3a,
>AY661161,>AY661020,320,3C.3a,
>AY661161,>AY661159,1781,3C.3a,
>AY661120,>AY661066,640,3C.3a,
>AY661120,>AY661053,640,3C.3a,
>AY661120,>AY661054,320,3C.3a,
>AY661120,>AY661067,5120,3C.3a,
>AY661120,>AY661159,20,3C.3a,
>AY661120,>AY661073,1280,3C.3a,
>AY661120,>AY661050,160,3C.3a,
>AY661126,>AY661066,640,,
>AY661126,>AY661053,320,,
>AY661126,>AY661183,60,,
>AY661126,>AY661180,30,,
>AY661126,>AY661192,20,,
>AY661126,>AY661054,160,,
>AY661126,>AY661067,1280,,
>AY661126,>AY661159,60,,
>AY661126,>AY661073,1280,,
>AY661126,>AY661050,160,,
>AY661072,>AY661053,2560,3C.2,
>AY661072,>AF008665,10240,3C.2,
>AY661072,>AY661049,320,3C.2,
>AY661072,>AY661054,5120,3C.2,
>AY661072,>AY661067,10240,3C.2,
>AY661072,>AF008888,1280,3C.2,
>AY661072,>AY661050,2560,3C.2,
>CY112885,>AF180643,3880,3C.2,
>CY112885,>AY661066,10,3C.2,
>CY112885,>AY661197,80,3C.2,
>CY112885,>AY661183,70,3C.2,
>CY112885,>KM821324,160,3C.2,
>CY112885,>AF008828,10,3C.2,
>CY112885,>AF201874,10,3C.2,
>CY112885,>AY661180,10,3C.2,
>CY112885,>AY661192,45,3C.2,
>CY112885,>AF008725,80,3C.2,
>CY112885,>AY661031,480,3C.2,
>CY112885,>AY661181,40,3C.2,
>CY112885,>AY661022,1466,3C.2,
>CY112885,>AY661023,1600,3C.2,
>CY112885,>AY661024,640,3C.2,
>CY112885,>AY661034,320,3C.2,
>CY112885,>AY661209,88,3C.2,
>CY112885,>AF092062,10,3C.2,
>CY112885,>KM821317,2032,3C.2,
>CY112885,>AY661198,40,3C.2,
>AY661116,>AY661066,1280,,
>AY661116,>AY661053,905,,
>AY661116,>AY661183,35,,
>AY661116,>AY661180,15,,
>AY661116,>AY661192,10,,
>AY661116,>AF008725,10,,
>AY661116,>AY661054,640,,
>AY661116,>AY661067,3620,,
>AY661116,>AY661159,40,,
>AY661116,>AY661073,2560,,
>AY661116,>AY661050,320,,
>CY113261,>CY114429,254,3C.3a,
>CY113261,>AY661066,10,3C.3a,
>CY113261,>CY121157,80,3C.3a,
>CY113261,>AF008665,10,3C.3a,
>CY113261,>CY112289,10,3C.3a,
>CY113261,>AY661180,10,3C.3a,
>CY113261,>AF008903,320,3C.3a,
>CY113261,>AY661049,453,3C.3a,
>CY113261,>CY113333,320,3C.3a,
>CY113261,>AF092062,320,3C.3a,
>CY113261,>U08858,496,3C.3a,
>CY113261,>AY661050,453,3C.3a,
>AY661134,>AY661066,640,3C.2,
>AY661134,>AY661098,1280,3C.2,
>AY661134,>AY661054,640,3C.2,
>AY661134,>AY661067,2560,3C.2,
>AY661134,>AY661073,640,3C.2,
>AY661135,>AY661066,640,3C.2,
>AY661135,>AY661183,30,3C.2,
>AY661135,>AY661180,15,3C.2,
>AY661135,>AY661098,2560,3C.2,
>AY661135,>AY661192,15,3C.2,
>AY661135,>AY661151,10,3C.2,
>AY661135,>AY661054,640,3C.2,
>AY661135,>AY661067,2560,3C.2,
>AY661135,>AY661159,80,3C.2,
>AY661135,>AY661073,1280,3C.2,
>CY114445,>AY661053,640,3C.3a,
>CY114445,>AF008665,80,3C.3a,
>CY114445,>AY661049,557,3C.3a,
>CY114445,>AY661054,1280,3C.3a,
>CY114445,>AY661067,2560,3C.3a,
>CY114445,>U08858,80,3C.3a,
>CY114445,>AF008888,1470,3C.3a,
>CY114445,>AY661050,508,3C.3a,
>CY113493,>AY661053,320,3C.3a,
>CY113493,>AY661049,160,3C.3a,
>CY113493,>AY661054,320,3C.3a,
>CY113493,>AY661067,640,3C.3a,
>CY113493,>AF008888,40,3C.3a,
>CY113493,>AY661050,320,3C.3a,
>AY661157,>AY661066,40,,
>AY661157,>AY661183,800,,
>AY661157,>AF008828,160,,
>AY661157,>AY661180,320,,
>AY661157,>AY661098,20,,
>AY661157,>AY661192,140,,
>AY661157,>AY661020,90,,
>AY661157,>AY661159,3200,,
>AY661073,>AY661045,10,3C.3a,
>AY661073,>AY661066,1280,3C.3a,
>AY661073,>AY661041,10,3C.3a,
>AY661073,>AY661042,10,3C.3a,
>AY661073,>AY661053,640,3C.3a,
>AY661073,>AF008665,320,3C.3a,
>AY661073,>AY661098,1810,3C.3a,
>AY661073,>AY661151,10,3C.3a,
>AY661073,>AY661181,10,3C.3a,
>AY661073,>AY661047,10,3C.3a,
>AY661073,>AY661025,10,3C.3a,
>AY661073,>AY661048,10,3C.3a,
>AY661073,>AY661054,508,3C.3a,
>AY661073,>AY661067,3378,3C.3a,
>AY661073,>AY661046,10,3C.3a,
>AY661073,>AY661052,640,3C.3a,
>AY661073,>AY661073,1940,3C.3a,
>AY661073,>AF008888,1280,3C.3a,
>AY661073,>AY661050,320,3C.3a,
>CY121197,>CY114429,10,3C.3a,
>CY121197,>AY661066,10,3C.3a,
>CY121197,>CY121157,320,3C.3a,
>CY121197,>CY112289,10,3C.3a,
>CY121197,>AY661180,10,3C.3a,
>CY121197,>AF008903,40,3C.3a,
>CY121197,>AF092062,1280,3C.3a,
>AF008697,>AY661066,5120,3C.3a,
>AF008697,>AY661053,640,3C.3a,
>AF008697,>AY661054,640,3C.3a,
>AF008697,>AY661067,1280,3C.3a,
>AF008697,>AY661073,5120,3C.3a,
>AF008697,>AY661050,640,3C.3a,
>AF008888,>CY114429,20,,
>AF008888,>AY661049,325,,
>AF008888,>AY661054,1114,,
>AF008888,>U08858,43,,
>AF008888,>AF008888,1437,,
>AF008888,>AY661050,470,,
>AY661188,>AY661183,792,3C.3a,
>AY661188,>AF008828,1280,3C.3a,
>AY661188,>AY661182,800,3C.3a,
>AY661188,>AY661180,480,3C.3a,
>AY661188,>AY661098,40,3C.3a,
>AY661188,>AY661192,1120,3C.3a,
>AY661188,>AF008725,50,3C.3a,
>AY661188,>AY661181,720,3C.3a,
>AY661188,>AY661020,320,3C.3a,
>AY661188,>AY661159,1280,3C.3a,
>AY661050,>CY114429,50,,
>AY661050,>CY121157,10,,
>AY661050,>AF201874,10,,
>AY661050,>AF008903,1920,,
>AY661050,>AY661049,905,,
>AY661050,>CY113333,640,,
>AY661050,>AY661054,1280,,
>AY661050,>U08858,557,,
>AY661050,>AF008888,554,,
>AY661050,>AY661050,2153,,
>AY661058,>AY661053,508,3C.3a,
>AY661058,>AF008665,1280,3C.3a,
>AY661058,>AY661054,2560,3C.3a,
>AY661058,>AY661067,3225,3C.3a,
>AY661058,>AF008888,453,3C.3a,
>AY661058,>AY661050,508,3C.3a,
>AY661158,>AY661066,40,,
>AY661158,>AY661183,1600,,
>AY661158,>AF008828,960,,
>AY661158,>AY661180,1280,,
>AY661158,>AY661098,10,,
>AY661158,>AY661192,280,,
>AY661158,>AY661020,120,,
>AY661158,>AY661159,1120,,
>AY661059,>AY661053,1280,3C.3a,
>AY661059,>AF008665,5120,3C.3a,
>AY661059,>AY661049,160,3C.3a,
>AY661059,>AY661054,2560,3C.3a,
>AY661059,>AY661067,10240,3C.3a,
>AY661059,>AF008888,453,3C.3a,
>AY661059,>AY661050,1280,3C.3a,
>AY661190,>AF180643,320,3C.2,
>AY661190,>AY661197,1076,3C.2,
>AY661190,>AY661183,427,3C.2,
>AY661190,>AY661182,370,3C.2,
>AY661190,>AY661180,207,3C.2,
>AY661190,>AY661098,52,3C.2,
>AY661190,>AY661192,177,3C.2,
>AY661190,>AF008725,640,3C.2,
>AY661190,>AY661181,89,3C.2,
>AY661190,>AY661209,1810,3C.2,
>AY661190,>AY661198,1016,3C.2,
>AY661152,>AY661066,40,3C.3a,
>AY661152,>AY661183,1120,3C.3a,
>AY661152,>AF008828,160,3C.3a,
>AY661152,>AY661180,320,3C.3a,
>AY661152,>AY661098,10,3C.3a,
>AY661152,>AY661192,120,3C.3a,
>AY661152,>AY661020,25,3C.3a,
>AY661152,>AY661054,10,3C.3a,
>AY661152,>AY661067,10,3C.3a,
>AY661152,>AY661159,1600,3C.3a,
>AY661152,>AY661073,40,3C.3a,
>AY661153,>AY661066,20,3C.3a,
>AY661153,>AY661183,400,3C.3a,
>AY661153,>AF008828,70,3C.3a,
>AY661153,>AY661180,140,3C.3a,
>AY661153,>AY661098,10,3C.3a,
>AY661153,>AY661192,50,3C.3a,
>AY661153,>AY661020,13,3C.3a,
>AY661153,>AY661054,10,3C.3a,
>AY661153,>AY661067,40,3C.3a,
>AY661153,>AY661159,560,3C.3a,
>AY661153,>AY661073,40,3C.3a,
>AY661154,>AY661066,10,,
>AY661154,>AY661183,800,,
>AY661154,>AF008828,70,,
>AY661154,>AY661180,200,,
>AY661154,>AY661098,10,,
>AY661154,>AY661192,90,,
>AY661154,>AY661020,45,,
>AY661154,>AY661054,10,,
>AY661154,>AY661067,40,,
>AY661154,>AY661159,1120,,
>AY661154,>AY661073,40,,
